subj	exp	item	cond	rating	rt
1	Exp1	1	a	6	3311
1	Exp1	5	a	6	4573
1	Exp1	9	a	6	1011
1	Exp1	9	a	6	1590
1	Exp1	13	a	6	2372
1	Exp1	1	a	6	737
1	Exp1	5	a	6	759
1	Exp1	13	a	6	3466
10	Exp1	12	a	6	3542
10	Exp1	16	a	6	1999
10	Exp1	16	a	6	2728
10	Exp1	8	a	6	1929
10	Exp1	8	a	6	11130
10	Exp1	4	a	6	3307
10	Exp1	4	a	6	2908
10	Exp1	12	a	7	652
11	Exp1	15	a	6	1289
11	Exp1	11	a	6	3806
11	Exp1	7	a	6	1285
11	Exp1	3	a	6	4679
11	Exp1	7	a	6	2473
11	Exp1	11	a	6	5662
11	Exp1	15	a	6	2061
11	Exp1	3	a	6	2104
12	Exp1	10	a	6	1545
12	Exp1	2	a	6	712
12	Exp1	14	a	6	794
12	Exp1	6	a	6	2723
12	Exp1	2	a	6	1692
12	Exp1	14	a	6	1148
12	Exp1	10	a	6	3493
12	Exp1	6	a	6	724
13	Exp1	5	a	6	9667
13	Exp1	1	a	6	1156
13	Exp1	1	a	6	868
13	Exp1	13	a	6	1228
13	Exp1	13	a	6	786
13	Exp1	9	a	6	567
13	Exp1	5	a	6	1032
13	Exp1	9	a	6	1630
14	Exp1	12	a	6	4590
14	Exp1	16	a	6	1934
14	Exp1	4	a	6	3476
14	Exp1	4	a	7	2197
14	Exp1	12	a	6	2088
14	Exp1	8	a	6	2824
14	Exp1	8	a	6	4154
14	Exp1	16	a	6	2258
15	Exp1	3	a	6	1352
15	Exp1	7	a	6	926
15	Exp1	11	a	6	2076
15	Exp1	15	a	6	916
15	Exp1	15	a	6	1444
15	Exp1	11	a	6	1361
15	Exp1	7	a	6	2465
15	Exp1	3	a	6	1838
16	Exp1	2	a	6	2728
16	Exp1	6	a	6	6478
16	Exp1	14	a	6	3366
16	Exp1	10	a	6	825
16	Exp1	6	a	6	1879
16	Exp1	10	a	6	4625
16	Exp1	2	a	6	2246
16	Exp1	14	a	6	953
17	Exp1	5	a	6	3561
17	Exp1	9	a	6	3421
17	Exp1	9	a	6	1601
17	Exp1	5	a	6	2637
17	Exp1	1	a	6	2766
17	Exp1	13	a	6	1401
17	Exp1	1	a	6	2394
17	Exp1	13	a	6	1785
18	Exp1	16	a	6	1142
18	Exp1	12	a	6	911
18	Exp1	8	a	6	978
18	Exp1	4	a	6	599
18	Exp1	8	a	6	1012
18	Exp1	16	a	6	805
18	Exp1	4	a	6	3462
18	Exp1	12	a	7	498
19	Exp1	7	a	6	1172
19	Exp1	11	a	6	1274
19	Exp1	11	a	6	1050
19	Exp1	7	a	6	1967
19	Exp1	15	a	6	1145
19	Exp1	3	a	6	1629
19	Exp1	15	a	6	1662
19	Exp1	3	a	6	2197
2	Exp1	8	a	6	26403
2	Exp1	16	a	6	2118
2	Exp1	12	a	6	1523
2	Exp1	4	a	6	1944
2	Exp1	12	a	6	3551
2	Exp1	4	a	6	1225
2	Exp1	8	a	6	1802
2	Exp1	16	a	6	2324
20	Exp1	2	a	6	1948
20	Exp1	14	a	6	3064
20	Exp1	10	a	6	2864
20	Exp1	6	a	6	4986
20	Exp1	2	a	6	1957
20	Exp1	14	a	6	8161
20	Exp1	6	a	6	1880
20	Exp1	10	a	6	1813
21	Exp1	13	a	6	1467
21	Exp1	9	a	6	1144
21	Exp1	5	a	6	6089
21	Exp1	5	a	6	4269
21	Exp1	9	a	6	976
21	Exp1	1	a	7	905
21	Exp1	13	a	6	1086
21	Exp1	1	a	6	1003
22	Exp1	16	a	6	670
22	Exp1	12	a	6	1602
22	Exp1	4	a	6	2230
22	Exp1	8	a	6	662
22	Exp1	12	a	6	2069
22	Exp1	16	a	6	1146
22	Exp1	4	a	7	1436
22	Exp1	8	a	6	1156
23	Exp1	11	a	6	1302
23	Exp1	7	a	6	5175
23	Exp1	11	a	6	1049
23	Exp1	15	a	6	1179
23	Exp1	3	a	6	1691
23	Exp1	15	a	6	964
23	Exp1	3	a	6	1819
23	Exp1	7	a	6	1939
24	Exp1	10	a	6	3802
24	Exp1	10	a	6	2248
24	Exp1	14	a	6	1459
24	Exp1	2	a	6	1527
24	Exp1	6	a	6	1840
24	Exp1	6	a	6	1006
24	Exp1	14	a	6	3142
24	Exp1	2	a	6	1904
25	Exp1	9	a	6	1854
25	Exp1	5	a	6	1578
25	Exp1	13	a	6	2010
25	Exp1	13	a	6	2080
25	Exp1	1	a	6	1404
25	Exp1	5	a	6	1292
25	Exp1	9	a	6	1323
25	Exp1	1	a	6	893
26	Exp1	16	a	6	2770
26	Exp1	12	a	6	812
26	Exp1	8	a	6	936
26	Exp1	8	a	6	998
26	Exp1	4	a	6	4162
26	Exp1	12	a	6	1825
26	Exp1	4	a	6	866
26	Exp1	16	a	6	3120
27	Exp1	3	a	6	1366
27	Exp1	11	a	6	1111
27	Exp1	7	a	6	1085
27	Exp1	3	a	7	2449
27	Exp1	11	a	7	927
27	Exp1	7	a	6	744
27	Exp1	15	a	6	1850
27	Exp1	15	a	6	2261
28	Exp1	14	a	7	2008
28	Exp1	6	a	6	1342
28	Exp1	10	a	6	1047
28	Exp1	10	a	6	1426
28	Exp1	14	a	6	1314
28	Exp1	2	a	6	2557
28	Exp1	6	a	6	1142
28	Exp1	2	a	6	1957
29	Exp1	1	a	6	369
29	Exp1	1	a	6	913
29	Exp1	9	a	6	387
29	Exp1	5	a	6	4521
29	Exp1	13	a	6	719
29	Exp1	13	a	7	2559
29	Exp1	9	a	6	507
29	Exp1	5	a	6	382
3	Exp1	7	a	7	650
3	Exp1	15	a	6	1460
3	Exp1	7	a	6	1789
3	Exp1	11	a	6	1490
3	Exp1	11	a	7	1299
3	Exp1	15	a	6	2725
3	Exp1	3	a	6	1254
3	Exp1	3	a	6	2018
30	Exp1	4	a	6	1117
30	Exp1	16	a	6	1031
30	Exp1	12	a	6	1204
30	Exp1	16	a	6	1133
30	Exp1	8	a	6	1414
30	Exp1	8	a	6	952
30	Exp1	12	a	6	1127
30	Exp1	4	a	6	826
31	Exp1	7	a	6	582
31	Exp1	7	a	6	947
31	Exp1	3	a	6	3759
31	Exp1	15	a	6	2072
31	Exp1	15	a	6	779
31	Exp1	11	a	7	931
31	Exp1	11	a	6	854
31	Exp1	3	a	6	718
32	Exp1	6	a	6	1628
32	Exp1	14	a	6	2032
32	Exp1	10	a	6	1391
32	Exp1	6	a	6	1468
32	Exp1	2	a	7	1565
32	Exp1	2	a	6	1355
32	Exp1	14	a	6	1407
32	Exp1	10	a	6	1287
33	Exp1	5	a	6	5653
33	Exp1	9	a	6	2076
33	Exp1	13	a	6	1592
33	Exp1	1	a	6	2451
33	Exp1	9	a	6	2081
33	Exp1	5	a	6	1326
33	Exp1	13	a	6	1719
33	Exp1	1	a	6	5561
34	Exp1	16	a	6	2026
34	Exp1	8	a	6	3394
34	Exp1	16	a	6	4811
34	Exp1	4	a	6	2128
34	Exp1	12	a	7	2127
34	Exp1	12	a	6	1697
34	Exp1	4	a	6	2155
34	Exp1	8	a	6	1911
35	Exp1	15	a	6	7003
35	Exp1	15	a	6	2937
35	Exp1	11	a	6	1172
35	Exp1	7	a	6	796
35	Exp1	11	a	6	965
35	Exp1	3	a	6	1081
35	Exp1	7	a	6	1091
35	Exp1	3	a	6	798
36	Exp1	10	a	6	1283
36	Exp1	2	a	6	987
36	Exp1	2	a	6	1734
36	Exp1	10	a	6	668
36	Exp1	14	a	6	3667
36	Exp1	6	a	6	3207
36	Exp1	6	a	6	3160
36	Exp1	14	a	6	1804
37	Exp1	5	a	6	1888
37	Exp1	1	a	6	1460
37	Exp1	13	a	5	1168
37	Exp1	13	a	5	2973
37	Exp1	1	a	5	1686
37	Exp1	9	a	5	2296
37	Exp1	9	a	5	1765
37	Exp1	5	a	5	2177
38	Exp1	8	a	5	6771
38	Exp1	12	a	5	988
38	Exp1	4	a	5	1516
38	Exp1	16	a	5	1321
38	Exp1	16	a	5	4102
38	Exp1	12	a	5	825
38	Exp1	4	a	5	3183
38	Exp1	8	a	5	3352
39	Exp1	3	a	5	1466
39	Exp1	11	a	5	2596
39	Exp1	11	a	5	7267
39	Exp1	7	a	5	772
39	Exp1	15	a	5	634
39	Exp1	3	a	5	1902
39	Exp1	15	a	5	787
39	Exp1	7	a	5	669
4	Exp1	2	a	5	1085
4	Exp1	14	a	5	2483
4	Exp1	6	a	5	1379
4	Exp1	10	a	5	841
4	Exp1	6	a	7	1670
4	Exp1	10	a	6	2852
4	Exp1	14	a	6	873
4	Exp1	2	a	6	3261
40	Exp1	10	a	6	755
40	Exp1	6	a	6	779
40	Exp1	10	a	6	763
40	Exp1	6	a	6	621
40	Exp1	2	a	7	1212
40	Exp1	14	a	6	1495
40	Exp1	14	a	6	957
40	Exp1	2	a	6	1060
41	Exp1	9	a	7	1544
41	Exp1	1	a	6	1353
41	Exp1	13	a	6	1328
41	Exp1	1	a	6	2321
41	Exp1	5	a	6	2623
41	Exp1	13	a	7	2187
41	Exp1	9	a	6	4681
41	Exp1	5	a	6	4709
42	Exp1	12	a	6	1621
42	Exp1	16	a	6	1417
42	Exp1	4	a	7	2105
42	Exp1	8	a	6	2201
42	Exp1	8	a	6	1810
42	Exp1	4	a	6	1959
42	Exp1	12	a	7	1766
42	Exp1	16	a	6	1666
43	Exp1	15	a	6	2131
43	Exp1	3	a	6	5866
43	Exp1	3	a	6	1241
43	Exp1	7	a	6	1260
43	Exp1	11	a	6	698
43	Exp1	15	a	6	818
43	Exp1	7	a	6	538
43	Exp1	11	a	6	612
44	Exp1	10	a	6	1583
44	Exp1	2	a	7	1245
44	Exp1	6	a	7	1130
44	Exp1	14	a	7	922
44	Exp1	2	a	6	2265
44	Exp1	6	a	7	1674
44	Exp1	10	a	6	1470
44	Exp1	14	a	6	512
5	Exp1	1	a	6	1580
5	Exp1	9	a	6	2407
5	Exp1	5	a	6	725
5	Exp1	9	a	6	518
5	Exp1	5	a	6	479
5	Exp1	13	a	6	1535
5	Exp1	13	a	6	499
5	Exp1	1	a	6	952
6	Exp1	4	a	6	5594
6	Exp1	8	a	7	3758
6	Exp1	16	a	6	7340
6	Exp1	4	a	6	2089
6	Exp1	12	a	6	2774
6	Exp1	12	a	6	1878
6	Exp1	8	a	6	4390
6	Exp1	16	a	6	1842
7	Exp1	7	a	6	10588
7	Exp1	11	a	6	9374
7	Exp1	11	a	6	1266
7	Exp1	15	a	6	2055
7	Exp1	3	a	6	5631
7	Exp1	3	a	6	4945
7	Exp1	7	a	6	1919
7	Exp1	15	a	6	12474
8	Exp1	2	a	6	2153
8	Exp1	6	a	6	1775
8	Exp1	10	a	6	3481
8	Exp1	14	a	6	1536
8	Exp1	14	a	6	1322
8	Exp1	6	a	6	1340
8	Exp1	10	a	6	2329
8	Exp1	2	a	6	1842
9	Exp1	5	a	6	1264
9	Exp1	9	a	6	1527
9	Exp1	9	a	6	1960
9	Exp1	5	a	6	652
9	Exp1	13	a	6	1858
9	Exp1	1	a	6	2995
9	Exp1	1	a	6	2058
9	Exp1	13	a	6	594
45	Exp1	13	a	6	1835
45	Exp1	13	a	7	686
45	Exp1	1	a	6	1878
45	Exp1	9	a	6	7385
45	Exp1	9	a	6	1841
45	Exp1	5	a	6	2851
45	Exp1	5	a	7	2451
45	Exp1	1	a	6	1086
46	Exp1	12	a	6	1721
46	Exp1	4	a	6	1938
46	Exp1	4	a	6	1602
46	Exp1	8	a	6	1999
46	Exp1	16	a	6	1655
46	Exp1	12	a	6	1565
46	Exp1	16	a	6	1525
46	Exp1	8	a	6	1439
47	Exp1	11	a	6	2119
47	Exp1	7	a	6	1605
47	Exp1	15	a	6	1303
47	Exp1	3	a	6	1842
47	Exp1	3	a	6	1581
47	Exp1	11	a	6	1118
47	Exp1	7	a	6	2209
47	Exp1	15	a	6	3191
48	Exp1	2	a	6	1106
48	Exp1	6	a	6	3472
48	Exp1	14	a	6	1474
48	Exp1	10	a	6	1283
48	Exp1	14	a	6	1807
48	Exp1	2	a	6	1525
48	Exp1	10	a	7	1791
48	Exp1	6	a	7	1602
49	Exp1	9	a	6	902
49	Exp1	13	a	6	763
49	Exp1	13	a	6	1589
49	Exp1	5	a	6	1355
49	Exp1	9	a	6	1341
49	Exp1	5	a	6	2651
49	Exp1	1	a	6	497
49	Exp1	1	a	6	863
50	Exp1	4	a	6	1310
50	Exp1	4	a	6	1833
50	Exp1	8	a	6	4684
50	Exp1	8	a	6	1592
50	Exp1	12	a	6	1330
50	Exp1	16	a	7	1526
50	Exp1	16	a	7	1572
50	Exp1	12	a	6	1143
51	Exp1	7	a	6	2667
51	Exp1	15	a	6	4059
51	Exp1	3	a	6	1860
51	Exp1	15	a	6	9138
51	Exp1	3	a	6	1877
51	Exp1	7	a	6	3847
51	Exp1	11	a	6	3129
51	Exp1	11	a	6	2061
52	Exp1	14	a	6	1063
52	Exp1	2	a	7	1227
52	Exp1	6	a	6	1109
52	Exp1	10	a	6	2710
52	Exp1	14	a	6	959
52	Exp1	2	a	6	1584
52	Exp1	10	a	7	1575
52	Exp1	6	a	6	1050
53	Exp1	13	a	6	3350
53	Exp1	1	a	6	2970
53	Exp1	5	a	7	1162
53	Exp1	1	a	6	1459
53	Exp1	5	a	6	2217
53	Exp1	9	a	6	2366
53	Exp1	9	a	6	2718
53	Exp1	13	a	6	2855
1	Exp1	14	b	6	1295
1	Exp1	6	b	6	3684
1	Exp1	14	b	6	1668
1	Exp1	10	b	6	10817
1	Exp1	6	b	6	3856
1	Exp1	10	b	6	1580
1	Exp1	2	b	6	649
1	Exp1	2	b	6	557
10	Exp1	1	b	6	1762
10	Exp1	9	b	6	1351
10	Exp1	1	b	6	2890
10	Exp1	9	b	6	1755
10	Exp1	5	b	5	6583
10	Exp1	13	b	5	3138
10	Exp1	5	b	5	2666
10	Exp1	13	b	5	2476
11	Exp1	8	b	5	1572
11	Exp1	12	b	5	1817
11	Exp1	16	b	6	2270
11	Exp1	12	b	6	1435
11	Exp1	8	b	6	1965
11	Exp1	16	b	6	2625
11	Exp1	4	b	6	3495
11	Exp1	4	b	6	1789
12	Exp1	11	b	6	1215
12	Exp1	7	b	6	686
12	Exp1	7	b	6	1112
12	Exp1	3	b	6	1092
12	Exp1	15	b	6	700
12	Exp1	11	b	6	918
12	Exp1	15	b	6	869
12	Exp1	3	b	6	4169
13	Exp1	6	b	6	7959
13	Exp1	10	b	5	2109
13	Exp1	14	b	5	3442
13	Exp1	6	b	6	1046
13	Exp1	10	b	6	1386
13	Exp1	14	b	6	1080
13	Exp1	2	b	6	1492
13	Exp1	2	b	6	2470
14	Exp1	9	b	6	1405
14	Exp1	9	b	6	1727
14	Exp1	5	b	6	1709
14	Exp1	13	b	6	2113
14	Exp1	1	b	6	1361
14	Exp1	1	b	6	1477
14	Exp1	13	b	6	4070
14	Exp1	5	b	6	1527
15	Exp1	8	b	6	1847
15	Exp1	4	b	6	3283
15	Exp1	12	b	6	532
15	Exp1	12	b	6	1440
15	Exp1	16	b	6	1993
15	Exp1	4	b	6	3883
15	Exp1	8	b	6	2872
15	Exp1	16	b	6	2087
16	Exp1	3	b	6	8105
16	Exp1	7	b	6	1743
16	Exp1	7	b	6	1399
16	Exp1	11	b	6	1651
16	Exp1	11	b	6	3132
16	Exp1	15	b	6	4156
16	Exp1	15	b	6	1481
16	Exp1	3	b	6	1814
17	Exp1	14	b	6	3202
17	Exp1	10	b	6	3378
17	Exp1	2	b	6	3009
17	Exp1	10	b	6	2187
17	Exp1	2	b	6	1897
17	Exp1	14	b	6	6976
17	Exp1	6	b	6	3530
17	Exp1	6	b	6	3874
18	Exp1	5	b	6	3071
18	Exp1	1	b	6	1608
18	Exp1	13	b	6	1857
18	Exp1	13	b	6	1462
18	Exp1	1	b	6	9953
18	Exp1	9	b	6	2552
18	Exp1	9	b	6	1548
18	Exp1	5	b	6	1809
19	Exp1	4	b	6	1081
19	Exp1	16	b	6	2325
19	Exp1	4	b	6	1749
19	Exp1	8	b	6	2527
19	Exp1	8	b	6	1514
19	Exp1	16	b	6	3333
19	Exp1	12	b	6	1565
19	Exp1	12	b	6	3271
2	Exp1	9	b	6	13423
2	Exp1	5	b	6	1692
2	Exp1	9	b	6	5610
2	Exp1	1	b	6	4506
2	Exp1	1	b	6	2660
2	Exp1	13	b	6	2066
2	Exp1	13	b	6	1269
2	Exp1	5	b	6	3116
20	Exp1	11	b	6	1518
20	Exp1	7	b	6	1639
20	Exp1	11	b	6	1251
20	Exp1	3	b	6	3333
20	Exp1	15	b	6	1842
20	Exp1	7	b	6	2646
20	Exp1	15	b	6	1821
20	Exp1	3	b	6	3107
21	Exp1	10	b	6	1131
21	Exp1	6	b	6	1358
21	Exp1	2	b	6	4289
21	Exp1	6	b	6	1046
21	Exp1	14	b	7	1279
21	Exp1	14	b	6	1470
21	Exp1	2	b	6	1361
21	Exp1	10	b	6	748
22	Exp1	5	b	6	721
22	Exp1	9	b	6	1040
22	Exp1	13	b	6	846
22	Exp1	1	b	6	1892
22	Exp1	1	b	6	722
22	Exp1	5	b	6	1065
22	Exp1	9	b	6	1089
22	Exp1	13	b	6	1407
23	Exp1	4	b	6	1612
23	Exp1	8	b	6	3927
23	Exp1	12	b	6	937
23	Exp1	16	b	6	1753
23	Exp1	4	b	6	1665
23	Exp1	16	b	6	1878
23	Exp1	12	b	6	1623
23	Exp1	8	b	6	3854
24	Exp1	7	b	6	2782
24	Exp1	3	b	6	1174
24	Exp1	3	b	6	1614
24	Exp1	11	b	6	1032
24	Exp1	7	b	6	1136
24	Exp1	15	b	6	1408
24	Exp1	15	b	6	2452
24	Exp1	11	b	6	1349
25	Exp1	10	b	6	2122
25	Exp1	6	b	6	2115
25	Exp1	10	b	6	2101
25	Exp1	14	b	6	3850
25	Exp1	2	b	6	1861
25	Exp1	2	b	6	1135
25	Exp1	6	b	6	1594
25	Exp1	14	b	6	1445
26	Exp1	1	b	6	1960
26	Exp1	5	b	6	1261
26	Exp1	1	b	6	786
26	Exp1	13	b	6	1471
26	Exp1	5	b	6	1370
26	Exp1	9	b	6	567
26	Exp1	13	b	6	900
26	Exp1	9	b	6	715
27	Exp1	12	b	6	3055
27	Exp1	16	b	6	2064
27	Exp1	8	b	6	1447
27	Exp1	4	b	6	1425
27	Exp1	8	b	6	1377
27	Exp1	16	b	6	1026
27	Exp1	12	b	6	772
27	Exp1	4	b	6	1437
28	Exp1	7	b	6	4227
28	Exp1	3	b	6	1427
28	Exp1	3	b	6	5581
28	Exp1	15	b	6	1040
28	Exp1	11	b	6	5263
28	Exp1	7	b	6	1701
28	Exp1	15	b	6	1199
28	Exp1	11	b	6	5934
29	Exp1	14	b	6	320
29	Exp1	6	b	6	817
29	Exp1	14	b	6	1189
29	Exp1	2	b	6	2651
29	Exp1	6	b	6	274
29	Exp1	2	b	6	556
29	Exp1	10	b	6	1616
29	Exp1	10	b	6	640
3	Exp1	8	b	6	1064
3	Exp1	16	b	6	2608
3	Exp1	8	b	6	2288
3	Exp1	16	b	6	2477
3	Exp1	12	b	6	1779
3	Exp1	4	b	6	788
3	Exp1	12	b	6	1675
3	Exp1	4	b	6	1252
30	Exp1	5	b	6	3055
30	Exp1	13	b	6	1400
30	Exp1	13	b	6	724
30	Exp1	9	b	6	1211
30	Exp1	5	b	6	1753
30	Exp1	1	b	6	1093
30	Exp1	9	b	6	1360
30	Exp1	1	b	6	635
31	Exp1	4	b	6	709
31	Exp1	4	b	6	967
31	Exp1	8	b	6	657
31	Exp1	16	b	6	708
31	Exp1	8	b	6	739
31	Exp1	12	b	6	1544
31	Exp1	12	b	6	949
31	Exp1	16	b	6	953
32	Exp1	15	b	6	2311
32	Exp1	3	b	6	3019
32	Exp1	3	b	6	1216
32	Exp1	7	b	6	2587
32	Exp1	7	b	6	4404
32	Exp1	15	b	6	2016
32	Exp1	11	b	6	1371
32	Exp1	11	b	6	1835
33	Exp1	10	b	6	1404
33	Exp1	6	b	6	1309
33	Exp1	14	b	6	5531
33	Exp1	6	b	6	2514
33	Exp1	2	b	6	2178
33	Exp1	2	b	6	2582
33	Exp1	10	b	6	2184
33	Exp1	14	b	6	1941
34	Exp1	9	b	6	2045
34	Exp1	1	b	6	1856
34	Exp1	5	b	6	2759
34	Exp1	13	b	6	2104
34	Exp1	9	b	6	2236
34	Exp1	1	b	6	2947
34	Exp1	13	b	6	1346
34	Exp1	5	b	6	2719
35	Exp1	12	b	6	2527
35	Exp1	4	b	6	1009
35	Exp1	4	b	6	658
35	Exp1	16	b	6	8083
35	Exp1	16	b	6	1865
35	Exp1	8	b	6	616
35	Exp1	8	b	6	3109
35	Exp1	12	b	6	1722
36	Exp1	3	b	6	855
36	Exp1	7	b	6	913
36	Exp1	15	b	6	2148
36	Exp1	15	b	6	1141
36	Exp1	11	b	6	1160
36	Exp1	11	b	6	1385
36	Exp1	7	b	6	915
36	Exp1	3	b	6	1757
37	Exp1	10	b	6	1744
37	Exp1	10	b	6	1987
37	Exp1	14	b	6	3364
37	Exp1	6	b	6	1908
37	Exp1	2	b	6	1656
37	Exp1	14	b	6	5267
37	Exp1	2	b	6	1438
37	Exp1	6	b	6	2126
38	Exp1	13	b	6	3533
38	Exp1	1	b	6	2007
38	Exp1	9	b	6	1826
38	Exp1	5	b	6	1024
38	Exp1	5	b	6	739
38	Exp1	9	b	6	922
38	Exp1	13	b	6	1132
38	Exp1	1	b	6	1239
39	Exp1	16	b	6	1126
39	Exp1	8	b	6	1543
39	Exp1	16	b	6	573
39	Exp1	4	b	6	3263
39	Exp1	8	b	6	1132
39	Exp1	4	b	6	2294
39	Exp1	12	b	6	1816
39	Exp1	12	b	6	2799
4	Exp1	7	b	6	1341
4	Exp1	3	b	6	7001
4	Exp1	11	b	6	4904
4	Exp1	15	b	6	3150
4	Exp1	11	b	6	4517
4	Exp1	7	b	6	1299
4	Exp1	15	b	6	1964
4	Exp1	3	b	6	2518
40	Exp1	11	b	6	943
40	Exp1	11	b	6	1336
40	Exp1	7	b	6	2109
40	Exp1	7	b	6	2300
40	Exp1	15	b	6	1927
40	Exp1	3	b	6	1234
40	Exp1	15	b	6	1165
40	Exp1	3	b	6	1039
41	Exp1	6	b	6	3688
41	Exp1	10	b	6	2102
41	Exp1	2	b	6	573
41	Exp1	14	b	6	2078
41	Exp1	2	b	6	5042
41	Exp1	6	b	6	5229
41	Exp1	10	b	6	1434
41	Exp1	14	b	6	4758
42	Exp1	13	b	6	3039
42	Exp1	9	b	6	1540
42	Exp1	13	b	6	1390
42	Exp1	5	b	6	1065
42	Exp1	1	b	6	2070
42	Exp1	9	b	6	1500
42	Exp1	5	b	6	1250
42	Exp1	1	b	6	2606
43	Exp1	12	b	6	1520
43	Exp1	8	b	6	1065
43	Exp1	12	b	6	2353
43	Exp1	4	b	6	483
43	Exp1	16	b	6	974
43	Exp1	4	b	6	1076
43	Exp1	8	b	6	678
43	Exp1	16	b	6	588
44	Exp1	11	b	6	2013
44	Exp1	15	b	6	1078
44	Exp1	7	b	6	1771
44	Exp1	3	b	6	1366
44	Exp1	3	b	6	998
44	Exp1	11	b	6	2795
44	Exp1	7	b	6	1716
44	Exp1	15	b	6	911
5	Exp1	10	b	6	867
5	Exp1	6	b	6	2486
5	Exp1	2	b	6	791
5	Exp1	14	b	6	995
5	Exp1	6	b	6	809
5	Exp1	2	b	6	1987
5	Exp1	10	b	6	1309
5	Exp1	14	b	6	1455
6	Exp1	5	b	6	1131
6	Exp1	13	b	6	1047
6	Exp1	5	b	6	650
6	Exp1	9	b	6	2683
6	Exp1	1	b	6	1430
6	Exp1	13	b	6	1297
6	Exp1	1	b	6	7705
6	Exp1	9	b	6	1247
7	Exp1	12	b	6	2828
7	Exp1	4	b	6	6144
7	Exp1	8	b	6	2651
7	Exp1	4	b	6	1946
7	Exp1	12	b	6	3801
7	Exp1	8	b	6	1311
7	Exp1	16	b	6	2308
7	Exp1	16	b	6	1961
8	Exp1	11	b	6	4479
8	Exp1	7	b	6	1108
8	Exp1	11	b	6	3461
8	Exp1	7	b	6	5677
8	Exp1	3	b	6	2377
8	Exp1	15	b	6	1331
8	Exp1	15	b	6	3309
8	Exp1	3	b	6	1377
9	Exp1	10	b	6	939
9	Exp1	14	b	6	4646
9	Exp1	2	b	6	1392
9	Exp1	6	b	6	982
9	Exp1	6	b	6	1780
9	Exp1	14	b	6	1126
9	Exp1	10	b	6	1485
9	Exp1	2	b	6	626
45	Exp1	6	b	5	3107
45	Exp1	6	b	6	3685
45	Exp1	10	b	6	1445
45	Exp1	14	b	6	968
45	Exp1	2	b	6	3874
45	Exp1	2	b	5	2933
45	Exp1	10	b	6	3842
45	Exp1	14	b	6	1438
46	Exp1	5	b	6	2244
46	Exp1	1	b	6	1697
46	Exp1	1	b	6	1333
46	Exp1	13	b	6	1623
46	Exp1	5	b	6	2102
46	Exp1	13	b	6	2780
46	Exp1	9	b	6	1372
46	Exp1	9	b	6	2174
47	Exp1	12	b	6	4929
47	Exp1	4	b	6	1458
47	Exp1	12	b	6	2666
47	Exp1	8	b	6	2410
47	Exp1	16	b	5	2651
47	Exp1	4	b	6	2111
47	Exp1	16	b	6	1607
47	Exp1	8	b	6	3091
48	Exp1	11	b	6	1204
48	Exp1	11	b	6	2377
48	Exp1	3	b	5	1826
48	Exp1	7	b	5	1403
48	Exp1	15	b	5	1264
48	Exp1	3	b	6	1832
48	Exp1	7	b	6	749
48	Exp1	15	b	6	724
49	Exp1	6	b	5	4451
49	Exp1	2	b	6	2130
49	Exp1	2	b	6	2660
49	Exp1	6	b	6	1343
49	Exp1	14	b	5	1355
49	Exp1	10	b	6	565
49	Exp1	10	b	5	896
49	Exp1	14	b	6	1174
50	Exp1	13	b	6	1553
50	Exp1	9	b	6	1010
50	Exp1	13	b	6	1638
50	Exp1	9	b	6	1512
50	Exp1	5	b	6	3649
50	Exp1	5	b	6	1490
50	Exp1	1	b	6	8432
50	Exp1	1	b	5	1395
51	Exp1	12	b	6	2018
51	Exp1	16	b	6	1135
51	Exp1	16	b	6	2523
51	Exp1	8	b	6	2812
51	Exp1	8	b	5	1496
51	Exp1	4	b	5	2093
51	Exp1	12	b	6	2669
51	Exp1	4	b	6	1283
52	Exp1	7	b	6	1210
52	Exp1	3	b	5	7874
52	Exp1	3	b	5	1104
52	Exp1	15	b	6	1294
52	Exp1	11	b	6	2327
52	Exp1	11	b	6	2132
52	Exp1	15	b	6	2797
52	Exp1	7	b	6	594
53	Exp1	10	b	6	2361
53	Exp1	6	b	6	5840
53	Exp1	10	b	6	1306
53	Exp1	14	b	6	3025
53	Exp1	6	b	6	4569
53	Exp1	2	b	5	2767
53	Exp1	2	b	6	2007
53	Exp1	14	b	6	2238
1	Exp1	11	c	6	8307
1	Exp1	7	c	6	1681
1	Exp1	3	c	6	1471
1	Exp1	7	c	6	677
1	Exp1	15	c	6	1542
1	Exp1	15	c	6	748
1	Exp1	3	c	6	1451
1	Exp1	11	c	6	635
10	Exp1	6	c	6	2295
10	Exp1	14	c	6	2264
10	Exp1	10	c	6	3029
10	Exp1	6	c	6	3308
10	Exp1	2	c	6	2635
10	Exp1	14	c	6	1515
10	Exp1	10	c	6	3185
10	Exp1	2	c	7	1737
11	Exp1	13	c	7	685
11	Exp1	9	c	7	2639
11	Exp1	1	c	7	1311
11	Exp1	5	c	7	4342
11	Exp1	9	c	7	1693
11	Exp1	1	c	7	7988
11	Exp1	13	c	7	2420
11	Exp1	5	c	7	1945
12	Exp1	4	c	7	1171
12	Exp1	4	c	7	1003
12	Exp1	12	c	7	987
12	Exp1	12	c	7	671
12	Exp1	16	c	7	1913
12	Exp1	8	c	7	990
12	Exp1	16	c	6	1826
12	Exp1	8	c	6	814
13	Exp1	15	c	6	2768
13	Exp1	11	c	6	1517
13	Exp1	7	c	6	1416
13	Exp1	15	c	6	1884
13	Exp1	3	c	6	1677
13	Exp1	11	c	6	1376
13	Exp1	3	c	6	637
13	Exp1	7	c	6	1688
14	Exp1	6	c	6	2769
14	Exp1	2	c	6	1541
14	Exp1	14	c	6	1711
14	Exp1	14	c	6	2041
14	Exp1	10	c	6	4639
14	Exp1	2	c	6	2254
14	Exp1	6	c	5	2196
14	Exp1	10	c	5	2344
15	Exp1	9	c	5	1360
15	Exp1	5	c	5	2083
15	Exp1	13	c	5	3013
15	Exp1	1	c	5	1624
15	Exp1	9	c	5	1935
15	Exp1	1	c	5	1861
15	Exp1	13	c	5	2518
15	Exp1	5	c	5	3022
16	Exp1	16	c	5	3375
16	Exp1	12	c	5	3219
16	Exp1	8	c	5	3986
16	Exp1	8	c	5	4339
16	Exp1	16	c	5	1652
16	Exp1	4	c	5	2057
16	Exp1	4	c	5	3499
16	Exp1	12	c	5	949
17	Exp1	3	c	5	4465
17	Exp1	7	c	6	2390
17	Exp1	15	c	6	3148
17	Exp1	7	c	6	1510
17	Exp1	15	c	6	2156
17	Exp1	11	c	6	2518
17	Exp1	11	c	6	5220
17	Exp1	3	c	6	2889
18	Exp1	10	c	6	1166
18	Exp1	2	c	6	1539
18	Exp1	6	c	6	2258
18	Exp1	14	c	6	415
18	Exp1	2	c	6	2581
18	Exp1	10	c	6	1937
18	Exp1	14	c	6	1904
18	Exp1	6	c	6	2147
19	Exp1	13	c	6	4370
19	Exp1	9	c	6	1065
19	Exp1	1	c	6	1974
19	Exp1	9	c	6	1189
19	Exp1	13	c	6	941
19	Exp1	5	c	6	1627
19	Exp1	1	c	6	1677
19	Exp1	5	c	6	1329
2	Exp1	14	c	6	2428
2	Exp1	14	c	6	1672
2	Exp1	10	c	6	5601
2	Exp1	6	c	6	1726
2	Exp1	2	c	6	4996
2	Exp1	10	c	6	15081
2	Exp1	2	c	6	1588
2	Exp1	6	c	6	1772
20	Exp1	12	c	6	1469
20	Exp1	4	c	6	2804
20	Exp1	16	c	6	1326
20	Exp1	16	c	6	2398
20	Exp1	4	c	6	2096
20	Exp1	8	c	6	6179
20	Exp1	8	c	6	1649
20	Exp1	12	c	6	6405
21	Exp1	11	c	6	2609
21	Exp1	7	c	6	2382
21	Exp1	15	c	6	961
21	Exp1	11	c	6	1334
21	Exp1	15	c	6	985
21	Exp1	7	c	6	1048
21	Exp1	3	c	6	907
21	Exp1	3	c	6	726
22	Exp1	10	c	6	1642
22	Exp1	2	c	6	1822
22	Exp1	2	c	6	2746
22	Exp1	6	c	6	1326
22	Exp1	14	c	6	997
22	Exp1	14	c	6	687
22	Exp1	6	c	6	1439
22	Exp1	10	c	6	1818
23	Exp1	9	c	6	1636
23	Exp1	9	c	6	1309
23	Exp1	1	c	6	1601
23	Exp1	1	c	6	1652
23	Exp1	5	c	6	1644
23	Exp1	13	c	6	1579
23	Exp1	5	c	6	1952
23	Exp1	13	c	6	2119
24	Exp1	8	c	6	1535
24	Exp1	12	c	6	1476
24	Exp1	12	c	6	1887
24	Exp1	16	c	6	1057
24	Exp1	4	c	6	1586
24	Exp1	16	c	6	1259
24	Exp1	8	c	6	789
24	Exp1	4	c	6	1645
25	Exp1	3	c	6	2511
25	Exp1	11	c	6	2099
25	Exp1	7	c	6	1538
25	Exp1	7	c	6	2501
25	Exp1	3	c	6	2053
25	Exp1	11	c	6	2011
25	Exp1	15	c	6	1585
25	Exp1	15	c	6	1521
26	Exp1	10	c	6	2056
26	Exp1	10	c	6	1302
26	Exp1	14	c	6	1861
26	Exp1	6	c	6	3122
26	Exp1	6	c	6	3965
26	Exp1	14	c	6	1168
26	Exp1	2	c	6	3096
26	Exp1	2	c	6	1849
27	Exp1	5	c	6	2289
27	Exp1	13	c	6	1879
27	Exp1	9	c	6	3180
27	Exp1	5	c	6	1095
27	Exp1	13	c	6	1550
27	Exp1	9	c	6	1226
27	Exp1	1	c	6	2475
27	Exp1	1	c	6	1366
28	Exp1	8	c	6	1966
28	Exp1	4	c	6	1823
28	Exp1	4	c	6	1259
28	Exp1	16	c	6	2943
28	Exp1	8	c	6	1168
28	Exp1	12	c	6	1357
28	Exp1	16	c	6	1399
28	Exp1	12	c	6	2538
29	Exp1	11	c	6	4466
29	Exp1	7	c	6	504
29	Exp1	3	c	6	678
29	Exp1	11	c	6	254
29	Exp1	15	c	6	532
29	Exp1	3	c	6	328
29	Exp1	7	c	6	1017
29	Exp1	15	c	6	605
3	Exp1	9	c	6	2321
3	Exp1	9	c	6	3804
3	Exp1	5	c	6	1210
3	Exp1	5	c	6	3508
3	Exp1	1	c	6	1127
3	Exp1	13	c	6	1200
3	Exp1	1	c	6	1881
3	Exp1	13	c	6	1669
30	Exp1	2	c	6	695
30	Exp1	6	c	6	1547
30	Exp1	2	c	6	3646
30	Exp1	10	c	6	613
30	Exp1	6	c	6	650
30	Exp1	10	c	6	1046
30	Exp1	14	c	6	936
30	Exp1	14	c	6	745
31	Exp1	9	c	6	1380
31	Exp1	1	c	6	1232
31	Exp1	5	c	6	1149
31	Exp1	1	c	6	886
31	Exp1	9	c	6	3034
31	Exp1	13	c	6	1704
31	Exp1	5	c	6	882
31	Exp1	13	c	6	697
32	Exp1	16	c	6	1530
32	Exp1	4	c	6	4051
32	Exp1	16	c	6	3664
32	Exp1	8	c	6	2169
32	Exp1	8	c	6	1986
32	Exp1	12	c	6	1051
32	Exp1	12	c	6	1391
32	Exp1	4	c	6	1201
33	Exp1	3	c	6	2265
33	Exp1	3	c	6	2339
33	Exp1	7	c	6	3029
33	Exp1	7	c	6	2209
33	Exp1	11	c	6	1539
33	Exp1	15	c	6	2040
33	Exp1	15	c	6	1726
33	Exp1	11	c	6	2424
34	Exp1	2	c	6	2588
34	Exp1	14	c	6	7196
34	Exp1	10	c	6	3091
34	Exp1	14	c	6	1828
34	Exp1	2	c	6	4538
34	Exp1	6	c	6	1590
34	Exp1	6	c	6	2474
34	Exp1	10	c	6	3011
35	Exp1	5	c	6	560
35	Exp1	13	c	6	1210
35	Exp1	13	c	6	2065
35	Exp1	9	c	6	1619
35	Exp1	1	c	6	2401
35	Exp1	1	c	6	5972
35	Exp1	9	c	6	1348
35	Exp1	5	c	6	1179
36	Exp1	12	c	6	817
36	Exp1	16	c	6	1004
36	Exp1	8	c	6	1562
36	Exp1	4	c	6	481
36	Exp1	16	c	6	1879
36	Exp1	4	c	6	1967
36	Exp1	12	c	6	1459
36	Exp1	8	c	6	1963
37	Exp1	15	c	6	7436
37	Exp1	3	c	6	2458
37	Exp1	7	c	6	2106
37	Exp1	15	c	6	9604
37	Exp1	7	c	6	1936
37	Exp1	11	c	6	1222
37	Exp1	11	c	6	1345
37	Exp1	3	c	6	1445
38	Exp1	14	c	6	1145
38	Exp1	10	c	6	2826
38	Exp1	6	c	6	1234
38	Exp1	10	c	6	952
38	Exp1	2	c	6	618
38	Exp1	6	c	6	11382
38	Exp1	14	c	6	9187
38	Exp1	2	c	6	2755
39	Exp1	1	c	6	708
39	Exp1	1	c	6	715
39	Exp1	13	c	6	1021
39	Exp1	5	c	6	2266
39	Exp1	13	c	6	677
39	Exp1	9	c	6	576
39	Exp1	9	c	6	2993
39	Exp1	5	c	6	2300
4	Exp1	8	c	6	1423
4	Exp1	12	c	6	1650
4	Exp1	16	c	6	1362
4	Exp1	8	c	6	1328
4	Exp1	4	c	6	1088
4	Exp1	4	c	6	1835
4	Exp1	12	c	6	1154
4	Exp1	16	c	6	3288
40	Exp1	16	c	6	1467
40	Exp1	8	c	6	1092
40	Exp1	12	c	6	768
40	Exp1	16	c	6	994
40	Exp1	8	c	6	1613
40	Exp1	4	c	6	3629
40	Exp1	12	c	6	1406
40	Exp1	4	c	6	1781
41	Exp1	15	c	6	2713
41	Exp1	11	c	6	1431
41	Exp1	7	c	6	5684
41	Exp1	7	c	5	1922
41	Exp1	3	c	6	4269
41	Exp1	3	c	6	1673
41	Exp1	11	c	6	2638
41	Exp1	15	c	6	1625
42	Exp1	6	c	6	2576
42	Exp1	14	c	6	1279
42	Exp1	6	c	6	3434
42	Exp1	14	c	6	1208
42	Exp1	10	c	6	2773
42	Exp1	10	c	6	1750
42	Exp1	2	c	6	2739
42	Exp1	2	c	6	1327
43	Exp1	9	c	6	798
43	Exp1	9	c	6	886
43	Exp1	13	c	5	748
43	Exp1	5	c	6	614
43	Exp1	1	c	5	501
43	Exp1	13	c	6	606
43	Exp1	5	c	6	3065
43	Exp1	1	c	5	1547
44	Exp1	4	c	6	1682
44	Exp1	12	c	6	1885
44	Exp1	8	c	6	2209
44	Exp1	12	c	6	1639
44	Exp1	4	c	5	2730
44	Exp1	16	c	6	6262
44	Exp1	16	c	6	2372
44	Exp1	8	c	6	1661
5	Exp1	15	c	5	1483
5	Exp1	15	c	6	982
5	Exp1	3	c	6	745
5	Exp1	7	c	6	855
5	Exp1	11	c	6	1422
5	Exp1	11	c	6	1216
5	Exp1	7	c	7	490
5	Exp1	3	c	6	508
6	Exp1	2	c	6	1715
6	Exp1	10	c	6	1340
6	Exp1	10	c	5	869
6	Exp1	2	c	6	736
6	Exp1	6	c	6	1154
6	Exp1	6	c	6	1066
6	Exp1	14	c	6	1339
6	Exp1	14	c	6	769
7	Exp1	1	c	6	4340
7	Exp1	13	c	6	2028
7	Exp1	9	c	6	2083
7	Exp1	5	c	6	1165
7	Exp1	1	c	6	1471
7	Exp1	9	c	6	1799
7	Exp1	13	c	6	2253
7	Exp1	5	c	6	7841
8	Exp1	8	c	6	1904
8	Exp1	12	c	6	2340
8	Exp1	12	c	6	2546
8	Exp1	8	c	6	2040
8	Exp1	16	c	6	1393
8	Exp1	4	c	6	6122
8	Exp1	16	c	6	4586
8	Exp1	4	c	6	1797
9	Exp1	3	c	6	2559
9	Exp1	11	c	6	781
9	Exp1	11	c	6	5190
9	Exp1	7	c	6	816
9	Exp1	15	c	6	2551
9	Exp1	15	c	6	1370
9	Exp1	7	c	6	2321
9	Exp1	3	c	6	1496
45	Exp1	15	c	6	1202
45	Exp1	15	c	6	935
45	Exp1	7	c	6	659
45	Exp1	7	c	6	1478
45	Exp1	3	c	5	2533
45	Exp1	11	c	5	616
45	Exp1	3	c	6	674
45	Exp1	11	c	6	1055
46	Exp1	14	c	6	1793
46	Exp1	6	c	6	2728
46	Exp1	10	c	6	1945
46	Exp1	6	c	6	1416
46	Exp1	2	c	6	2144
46	Exp1	14	c	6	2042
46	Exp1	2	c	6	1591
46	Exp1	10	c	6	1481
47	Exp1	9	c	6	4559
47	Exp1	9	c	5	1728
47	Exp1	1	c	6	2350
47	Exp1	13	c	5	2163
47	Exp1	5	c	6	1335
47	Exp1	5	c	6	1863
47	Exp1	1	c	6	2022
47	Exp1	13	c	6	2754
48	Exp1	4	c	6	1113
48	Exp1	8	c	6	1307
48	Exp1	16	c	6	1057
48	Exp1	8	c	6	1241
48	Exp1	12	c	6	2030
48	Exp1	12	c	6	1197
48	Exp1	16	c	6	2036
48	Exp1	4	c	6	1137
49	Exp1	7	c	6	800
49	Exp1	11	c	6	879
49	Exp1	3	c	6	477
49	Exp1	7	c	6	5037
49	Exp1	15	c	6	441
49	Exp1	15	c	6	599
49	Exp1	11	c	6	1938
49	Exp1	3	c	6	737
50	Exp1	6	c	6	1033
50	Exp1	10	c	6	1287
50	Exp1	2	c	6	1558
50	Exp1	14	c	6	1589
50	Exp1	10	c	6	4936
50	Exp1	6	c	6	2154
50	Exp1	14	c	6	1573
50	Exp1	2	c	6	2252
51	Exp1	5	c	6	1246
51	Exp1	13	c	6	764
51	Exp1	1	c	6	3573
51	Exp1	9	c	6	901
51	Exp1	1	c	6	1673
51	Exp1	13	c	6	7291
51	Exp1	5	c	5	2790
51	Exp1	9	c	6	1212
52	Exp1	4	c	6	923
52	Exp1	12	c	6	1004
52	Exp1	4	c	6	1232
52	Exp1	12	c	5	1411
52	Exp1	8	c	6	949
52	Exp1	16	c	5	1320
52	Exp1	16	c	5	1090
52	Exp1	8	c	6	1083
53	Exp1	11	c	6	1130
53	Exp1	3	c	6	1282
53	Exp1	15	c	5	1758
53	Exp1	3	c	6	1692
53	Exp1	15	c	6	1713
53	Exp1	11	c	6	3110
53	Exp1	7	c	6	3080
53	Exp1	7	c	6	8356
1	Exp1	16	d	1	1359
1	Exp1	8	d	3	579
1	Exp1	4	d	1	914
1	Exp1	16	d	1	1355
1	Exp1	4	d	1	872
1	Exp1	12	d	1	851
1	Exp1	12	d	1	3210
1	Exp1	8	d	2	518
10	Exp1	3	d	1	1420
10	Exp1	15	d	1	1336
10	Exp1	11	d	1	1361
10	Exp1	15	d	2	1117
10	Exp1	7	d	1	1466
10	Exp1	7	d	1	1277
10	Exp1	11	d	1	1029
10	Exp1	3	d	2	1234
11	Exp1	14	d	2	2709
11	Exp1	10	d	1	1839
11	Exp1	6	d	1	1923
11	Exp1	10	d	1	3319
11	Exp1	14	d	1	2526
11	Exp1	2	d	1	3010
11	Exp1	2	d	1	27679
11	Exp1	6	d	1	1809
12	Exp1	1	d	1	988
12	Exp1	1	d	1	1259
12	Exp1	5	d	1	1040
12	Exp1	13	d	2	881
12	Exp1	9	d	2	1087
12	Exp1	13	d	1	946
12	Exp1	5	d	2	825
12	Exp1	9	d	2	941
13	Exp1	8	d	1	2310
13	Exp1	12	d	1	1841
13	Exp1	16	d	1	1503
13	Exp1	8	d	1	1371
13	Exp1	12	d	1	553
13	Exp1	16	d	3	1007
13	Exp1	4	d	1	799
13	Exp1	4	d	1	1911
14	Exp1	11	d	3	3111
14	Exp1	15	d	1	2570
14	Exp1	3	d	2	2349
14	Exp1	3	d	1	2853
14	Exp1	11	d	2	1878
14	Exp1	7	d	1	4307
14	Exp1	7	d	1	2489
14	Exp1	15	d	1	1678
15	Exp1	2	d	3	1133
15	Exp1	10	d	1	4082
15	Exp1	10	d	3	1969
15	Exp1	6	d	1	1692
15	Exp1	14	d	1	1734
15	Exp1	2	d	1	1833
15	Exp1	14	d	1	1712
15	Exp1	6	d	2	1598
16	Exp1	9	d	1	5199
16	Exp1	13	d	1	1629
16	Exp1	13	d	1	1614
16	Exp1	9	d	1	1731
16	Exp1	5	d	1	1526
16	Exp1	1	d	1	1076
16	Exp1	1	d	2	1003
16	Exp1	5	d	1	769
17	Exp1	16	d	3	1882
17	Exp1	4	d	3	1957
17	Exp1	8	d	1	1664
17	Exp1	8	d	3	1147
17	Exp1	4	d	3	2667
17	Exp1	12	d	2	2627
17	Exp1	16	d	1	1534
17	Exp1	12	d	2	2301
18	Exp1	7	d	2	1003
18	Exp1	3	d	1	782
18	Exp1	11	d	3	1737
18	Exp1	15	d	2	1731
18	Exp1	3	d	2	739
18	Exp1	15	d	1	853
18	Exp1	11	d	1	1035
18	Exp1	7	d	1	577
19	Exp1	14	d	2	1371
19	Exp1	6	d	3	816
19	Exp1	14	d	1	977
19	Exp1	6	d	2	1207
19	Exp1	2	d	3	952
19	Exp1	10	d	1	3498
19	Exp1	10	d	2	1650
19	Exp1	2	d	2	1446
2	Exp1	3	d	1	2193
2	Exp1	15	d	1	2864
2	Exp1	15	d	2	6493
2	Exp1	11	d	3	1570
2	Exp1	3	d	3	1710
2	Exp1	7	d	1	1814
2	Exp1	11	d	1	1511
2	Exp1	7	d	3	1586
20	Exp1	1	d	1	2771
20	Exp1	9	d	1	2519
20	Exp1	5	d	3	2493
20	Exp1	13	d	2	1612
20	Exp1	5	d	2	2471
20	Exp1	13	d	2	3038
20	Exp1	9	d	1	1783
20	Exp1	1	d	1	1668
21	Exp1	8	d	1	1171
21	Exp1	4	d	2	1205
21	Exp1	16	d	1	959
21	Exp1	4	d	1	1033
21	Exp1	16	d	1	1264
21	Exp1	8	d	3	1153
21	Exp1	12	d	1	809
21	Exp1	12	d	1	806
22	Exp1	7	d	1	1107
22	Exp1	3	d	1	1551
22	Exp1	7	d	1	1844
22	Exp1	11	d	3	938
22	Exp1	15	d	1	1167
22	Exp1	15	d	1	1555
22	Exp1	11	d	2	1551
22	Exp1	3	d	1	1553
23	Exp1	10	d	1	1688
23	Exp1	14	d	2	1907
23	Exp1	2	d	1	1477
23	Exp1	6	d	1	1553
23	Exp1	14	d	1	1574
23	Exp1	6	d	1	1216
23	Exp1	2	d	1	1300
23	Exp1	10	d	1	1241
24	Exp1	13	d	1	1483
24	Exp1	1	d	1	1507
24	Exp1	5	d	1	858
24	Exp1	9	d	1	2102
24	Exp1	13	d	1	2464
24	Exp1	5	d	1	1506
24	Exp1	9	d	2	1501
24	Exp1	1	d	1	1256
25	Exp1	12	d	1	4291
25	Exp1	4	d	1	1963
25	Exp1	12	d	1	2076
25	Exp1	16	d	2	1993
25	Exp1	4	d	1	1730
25	Exp1	8	d	1	1597
25	Exp1	16	d	1	1025
25	Exp1	8	d	2	1613
26	Exp1	11	d	3	1902
26	Exp1	7	d	1	1267
26	Exp1	15	d	1	1039
26	Exp1	15	d	3	1198
26	Exp1	11	d	1	1210
26	Exp1	3	d	1	763
26	Exp1	3	d	2	1082
26	Exp1	7	d	1	1403
27	Exp1	2	d	1	1301
27	Exp1	14	d	2	2812
27	Exp1	10	d	1	1203
27	Exp1	6	d	3	864
27	Exp1	10	d	2	1762
27	Exp1	2	d	1	2200
27	Exp1	14	d	3	1504
27	Exp1	6	d	3	1786
28	Exp1	13	d	2	1974
28	Exp1	5	d	1	1118
28	Exp1	1	d	1	852
28	Exp1	9	d	3	933
28	Exp1	5	d	2	1509
28	Exp1	1	d	2	1163
28	Exp1	13	d	1	1360
28	Exp1	9	d	1	1384
29	Exp1	16	d	1	1926
29	Exp1	4	d	2	493
29	Exp1	12	d	3	3742
29	Exp1	8	d	1	289
29	Exp1	12	d	3	368
29	Exp1	8	d	1	1305
29	Exp1	16	d	1	276
29	Exp1	4	d	1	895
3	Exp1	10	d	2	3254
3	Exp1	6	d	1	1387
3	Exp1	2	d	1	1424
3	Exp1	6	d	2	1381
3	Exp1	14	d	1	1866
3	Exp1	10	d	2	1450
3	Exp1	14	d	1	2054
3	Exp1	2	d	1	2982
30	Exp1	3	d	2	1561
30	Exp1	15	d	1	601
30	Exp1	11	d	3	617
30	Exp1	7	d	1	439
30	Exp1	3	d	2	1025
30	Exp1	15	d	1	758
30	Exp1	7	d	1	1758
30	Exp1	11	d	2	1028
31	Exp1	2	d	3	1132
31	Exp1	10	d	3	974
31	Exp1	6	d	2	1001
31	Exp1	2	d	3	980
31	Exp1	14	d	2	841
31	Exp1	10	d	3	1443
31	Exp1	14	d	2	633
31	Exp1	6	d	3	917
32	Exp1	1	d	1	3316
32	Exp1	5	d	1	2308
32	Exp1	13	d	2	1621
32	Exp1	9	d	1	1423
32	Exp1	13	d	3	1156
32	Exp1	5	d	1	1698
32	Exp1	1	d	1	1464
32	Exp1	9	d	2	1288
33	Exp1	16	d	1	2183
33	Exp1	4	d	1	1713
33	Exp1	8	d	3	3977
33	Exp1	12	d	1	2122
33	Exp1	12	d	1	1789
33	Exp1	16	d	1	1841
33	Exp1	8	d	1	4653
33	Exp1	4	d	1	2531
34	Exp1	11	d	1	3702
34	Exp1	15	d	2	1674
34	Exp1	11	d	1	1998
34	Exp1	7	d	1	3195
34	Exp1	15	d	1	1646
34	Exp1	3	d	1	1785
34	Exp1	7	d	1	2700
34	Exp1	3	d	1	1363
35	Exp1	14	d	1	1041
35	Exp1	6	d	3	1302
35	Exp1	6	d	1	1137
35	Exp1	14	d	1	3797
35	Exp1	2	d	2	1297
35	Exp1	10	d	2	1195
35	Exp1	2	d	2	1155
35	Exp1	10	d	1	1220
36	Exp1	5	d	1	1339
36	Exp1	5	d	1	2683
36	Exp1	1	d	1	987
36	Exp1	13	d	1	1189
36	Exp1	9	d	1	885
36	Exp1	13	d	1	1057
36	Exp1	9	d	1	1247
36	Exp1	1	d	1	808
37	Exp1	8	d	1	3433
37	Exp1	12	d	1	4963
37	Exp1	12	d	2	3169
37	Exp1	8	d	1	2315
37	Exp1	4	d	1	1437
37	Exp1	16	d	2	1761
37	Exp1	4	d	1	1485
37	Exp1	16	d	1	1990
38	Exp1	15	d	3	1578
38	Exp1	11	d	1	1498
38	Exp1	3	d	3	1636
38	Exp1	3	d	1	1088
38	Exp1	11	d	1	822
38	Exp1	15	d	2	1389
38	Exp1	7	d	1	2746
38	Exp1	7	d	1	897
39	Exp1	14	d	1	614
39	Exp1	14	d	2	1442
39	Exp1	2	d	1	3197
39	Exp1	2	d	1	1763
39	Exp1	10	d	2	1236
39	Exp1	6	d	1	2024
39	Exp1	6	d	1	3304
39	Exp1	10	d	3	552
4	Exp1	5	d	1	1574
4	Exp1	9	d	1	2637
4	Exp1	13	d	1	2034
4	Exp1	1	d	2	2031
4	Exp1	1	d	1	2448
4	Exp1	5	d	1	3558
4	Exp1	9	d	3	2189
4	Exp1	13	d	1	2565
40	Exp1	13	d	2	710
40	Exp1	5	d	2	648
40	Exp1	5	d	2	808
40	Exp1	1	d	2	1347
40	Exp1	9	d	3	1569
40	Exp1	9	d	1	1260
40	Exp1	1	d	3	2466
40	Exp1	13	d	2	986
41	Exp1	4	d	1	3815
41	Exp1	12	d	1	1552
41	Exp1	8	d	2	2377
41	Exp1	12	d	1	3789
41	Exp1	4	d	1	1838
41	Exp1	16	d	1	1915
41	Exp1	16	d	1	1263
41	Exp1	8	d	1	918
42	Exp1	7	d	2	1547
42	Exp1	11	d	2	1313
42	Exp1	3	d	1	1136
42	Exp1	15	d	1	1705
42	Exp1	3	d	3	1107
42	Exp1	7	d	1	2738
42	Exp1	11	d	1	3398
42	Exp1	15	d	2	2171
43	Exp1	6	d	2	2775
43	Exp1	10	d	2	496
43	Exp1	2	d	1	601
43	Exp1	14	d	2	941
43	Exp1	6	d	1	661
43	Exp1	14	d	1	632
43	Exp1	2	d	2	631
43	Exp1	10	d	3	437
44	Exp1	1	d	1	2501
44	Exp1	9	d	1	1935
44	Exp1	5	d	2	2010
44	Exp1	1	d	1	722
44	Exp1	13	d	1	1937
44	Exp1	5	d	2	1367
44	Exp1	9	d	2	1051
44	Exp1	13	d	2	830
5	Exp1	8	d	2	996
5	Exp1	16	d	2	873
5	Exp1	4	d	3	785
5	Exp1	4	d	2	645
5	Exp1	8	d	1	986
5	Exp1	16	d	1	1588
5	Exp1	12	d	1	731
5	Exp1	12	d	1	552
6	Exp1	11	d	1	1662
6	Exp1	7	d	1	837
6	Exp1	15	d	1	642
6	Exp1	7	d	1	762
6	Exp1	3	d	1	631
6	Exp1	15	d	1	610
6	Exp1	11	d	1	684
6	Exp1	3	d	1	704
7	Exp1	2	d	1	1466
7	Exp1	6	d	1	1849
7	Exp1	14	d	1	1438
7	Exp1	10	d	1	1765
7	Exp1	14	d	1	1839
7	Exp1	6	d	1	1346
7	Exp1	10	d	2	2046
7	Exp1	2	d	1	1369
8	Exp1	13	d	1	1214
8	Exp1	9	d	2	15246
8	Exp1	5	d	1	19374
8	Exp1	9	d	1	1180
8	Exp1	1	d	1	2330
8	Exp1	5	d	1	3378
8	Exp1	1	d	1	1524
8	Exp1	13	d	1	4485
9	Exp1	8	d	1	6499
9	Exp1	4	d	1	1194
9	Exp1	16	d	1	773
9	Exp1	12	d	1	1791
9	Exp1	8	d	2	958
9	Exp1	12	d	2	684
9	Exp1	4	d	1	680
9	Exp1	16	d	1	621
45	Exp1	16	d	2	1359
45	Exp1	16	d	2	761
45	Exp1	4	d	1	1594
45	Exp1	4	d	1	1816
45	Exp1	12	d	3	648
45	Exp1	12	d	1	442
45	Exp1	8	d	1	915
45	Exp1	8	d	1	1411
46	Exp1	11	d	1	1510
46	Exp1	7	d	1	1665
46	Exp1	3	d	2	3055
46	Exp1	15	d	2	1880
46	Exp1	3	d	1	1603
46	Exp1	7	d	1	1420
46	Exp1	15	d	1	1216
46	Exp1	11	d	1	1965
47	Exp1	10	d	2	1644
47	Exp1	6	d	1	1950
47	Exp1	6	d	1	1436
47	Exp1	2	d	3	1755
47	Exp1	14	d	1	3797
47	Exp1	10	d	2	2983
47	Exp1	14	d	1	1791
47	Exp1	2	d	2	2543
48	Exp1	1	d	1	1274
48	Exp1	13	d	1	1561
48	Exp1	13	d	1	1390
48	Exp1	9	d	1	1865
48	Exp1	9	d	1	1146
48	Exp1	1	d	2	1175
48	Exp1	5	d	2	1169
48	Exp1	5	d	1	1526
49	Exp1	4	d	1	1004
49	Exp1	12	d	1	1433
49	Exp1	16	d	2	1124
49	Exp1	8	d	3	1119
49	Exp1	4	d	2	978
49	Exp1	16	d	1	1030
49	Exp1	12	d	2	517
49	Exp1	8	d	1	1173
50	Exp1	7	d	2	1376
50	Exp1	3	d	3	1744
50	Exp1	7	d	1	9941
50	Exp1	11	d	1	2716
50	Exp1	15	d	3	1556
50	Exp1	11	d	1	2226
50	Exp1	15	d	1	2116
50	Exp1	3	d	2	2249
51	Exp1	6	d	2	1521
51	Exp1	10	d	3	929
51	Exp1	14	d	1	1115
51	Exp1	2	d	3	1838
51	Exp1	6	d	2	901
51	Exp1	10	d	3	927
51	Exp1	14	d	2	1173
51	Exp1	2	d	2	884
52	Exp1	13	d	2	1057
52	Exp1	5	d	2	1173
52	Exp1	9	d	3	784
52	Exp1	9	d	1	805
52	Exp1	1	d	2	795
52	Exp1	13	d	2	1752
52	Exp1	1	d	3	850
52	Exp1	5	d	3	974
53	Exp1	12	d	2	1878
53	Exp1	4	d	1	1886
53	Exp1	16	d	3	1322
53	Exp1	16	d	1	2243
53	Exp1	4	d	1	3421
53	Exp1	12	d	1	1194
53	Exp1	8	d	1	2595
53	Exp1	8	d	1	3422