subject,item,condition,region,answer,RT
1,14,f,0,-,356
1,14,f,1,-,242
1,14,f,2,-,2159
1,14,f,3,-,620
1,14,f,4,-,496
1,14,f,5,-,409
1,14,f,6,-,658
1,14,f,7,-,681
1,14,f,8,-,2275
1,14,f,?,0,3964
1,6,f,0,-,523
1,6,f,1,-,302
1,6,f,2,-,271
1,6,f,3,-,303
1,6,f,4,-,1389
1,6,f,5,-,383
1,6,f,6,-,706
1,6,f,7,-,509
1,6,f,8,-,2098
1,6,f,?,1,3903
1,9,b,0,-,403
1,9,b,1,-,257
1,9,b,2,-,385
1,9,b,3,-,389
1,9,b,4,-,497
1,9,b,5,-,328
1,9,b,6,-,315
1,9,b,7,-,308
1,9,b,8,-,543
1,9,b,?,1,2119
1,20,d,0,-,333
1,20,d,1,-,261
1,20,d,2,-,276
1,20,d,3,-,263
1,20,d,4,-,240
1,20,d,5,-,369
1,20,d,6,-,264
1,20,d,7,-,319
1,20,d,8,-,400
1,20,d,?,1,2329
1,7,h,0,-,304
1,7,h,1,-,279
1,7,h,2,-,244
1,7,h,3,-,343
1,7,h,4,-,396
1,7,h,5,-,307
1,7,h,6,-,291
1,7,h,7,-,361
1,7,h,8,-,323
1,7,h,?,1,2286
1,21,e,0,-,320
1,21,e,1,-,269
1,21,e,2,-,274
1,21,e,3,-,245
1,21,e,4,-,274
1,21,e,5,-,386
1,21,e,6,-,288
1,21,e,7,-,297
1,21,e,8,-,512
1,21,e,?,1,1731
1,17,b,0,-,325
1,17,b,1,-,321
1,17,b,2,-,324
1,17,b,3,-,327
1,17,b,4,-,372
1,17,b,5,-,342
1,17,b,6,-,312
1,17,b,7,-,407
1,17,b,8,-,1097
1,17,b,?,1,6200
1,13,e,0,-,259
1,13,e,1,-,233
1,13,e,2,-,229
1,13,e,3,-,216
1,13,e,4,-,459
1,13,e,5,-,296
1,13,e,6,-,276
1,13,e,7,-,290
1,13,e,8,-,424
1,13,e,?,1,972
1,3,c,0,-,225
1,3,c,1,-,258
1,3,c,2,-,236
1,3,c,3,-,224
1,3,c,4,-,276
1,3,c,5,-,335
1,3,c,6,-,269
1,3,c,7,-,287
1,3,c,8,-,274
1,3,c,?,1,1626
1,15,h,0,-,274
1,15,h,1,-,291
1,15,h,2,-,215
1,15,h,3,-,228
1,15,h,4,-,210
1,15,h,5,-,260
1,15,h,6,-,281
1,15,h,7,-,124
1,15,h,8,-,253
1,15,h,?,1,1455
1,19,c,0,-,292
1,19,c,1,-,283
1,19,c,2,-,212
1,19,c,3,-,219
1,19,c,4,-,449
1,19,c,5,-,273
1,19,c,6,-,179
1,19,c,7,-,316
1,19,c,8,-,326
1,19,c,?,1,996
1,18,a,0,-,293
1,18,a,1,-,267
1,18,a,2,-,454
1,18,a,3,-,296
1,18,a,4,-,376
1,18,a,5,-,319
1,18,a,6,-,332
1,18,a,7,-,368
1,18,a,8,-,345
1,18,a,?,1,1375
1,1,b,0,-,302
1,1,b,1,-,280
1,1,b,2,-,277
1,1,b,3,-,1087
1,1,b,4,-,410
1,1,b,5,-,280
1,1,b,6,-,271
1,1,b,7,-,251
1,1,b,8,-,478
1,1,b,?,1,1189
1,4,d,0,-,234
1,4,d,1,-,435
1,4,d,2,-,307
1,4,d,3,-,218
1,4,d,4,-,273
1,4,d,5,-,308
1,4,d,6,-,316
1,4,d,7,-,296
1,4,d,8,-,523
1,4,d,?,1,2288
1,5,e,0,-,374
1,5,e,1,-,296
1,5,e,2,-,665
1,5,e,3,-,336
1,5,e,4,-,304
1,5,e,5,-,538
1,5,e,6,-,307
1,5,e,7,-,246
1,5,e,8,-,528
1,5,e,?,0,1011
1,2,a,0,-,302
1,2,a,1,-,258
1,2,a,2,-,229
1,2,a,3,-,230
1,2,a,4,-,224
1,2,a,5,-,315
1,2,a,6,-,260
1,2,a,7,-,408
1,2,a,8,-,452
1,2,a,?,1,2596
1,11,c,0,-,260
1,11,c,1,-,272
1,11,c,2,-,341
1,11,c,3,-,345
1,11,c,4,-,452
1,11,c,5,-,502
1,11,c,6,-,385
1,11,c,7,-,321
1,11,c,8,-,438
1,11,c,?,1,1195
1,10,a,0,-,264
1,10,a,1,-,240
1,10,a,2,-,258
1,10,a,3,-,273
1,10,a,4,-,250
1,10,a,5,-,581
1,10,a,6,-,291
1,10,a,7,-,313
1,10,a,8,-,540
1,10,a,?,1,2821
1,12,d,0,-,293
1,12,d,1,-,268
1,12,d,2,-,252
1,12,d,3,-,259
1,12,d,4,-,456
1,12,d,5,-,362
1,12,d,6,-,303
1,12,d,7,-,334
1,12,d,8,-,451
1,12,d,?,1,1999
1,8,g,0,-,254
1,8,g,1,-,252
1,8,g,2,-,238
1,8,g,3,-,212
1,8,g,4,-,263
1,8,g,5,-,283
1,8,g,6,-,287
1,8,g,7,-,240
1,8,g,8,-,535
1,8,g,?,1,1673
10,17,a,0,-,833
10,17,a,1,-,560
10,17,a,2,-,589
10,17,a,3,-,421
10,17,a,4,-,552
10,17,a,5,-,397
10,17,a,6,-,393
10,17,a,7,-,459
10,17,a,8,-,660
10,17,a,?,1,1659
10,19,d,0,-,580
10,19,d,1,-,634
10,19,d,2,-,404
10,19,d,3,-,405
10,19,d,4,-,519
10,19,d,5,-,458
10,19,d,6,-,436
10,19,d,7,-,498
10,19,d,8,-,859
10,19,d,?,1,1614
10,15,g,0,-,414
10,15,g,1,-,620
10,15,g,2,-,426
10,15,g,3,-,510
10,15,g,4,-,481
10,15,g,5,-,415
10,15,g,6,-,736
10,15,g,7,-,507
10,15,g,8,-,588
10,15,g,?,1,1129
10,18,c,0,-,618
10,18,c,1,-,940
10,18,c,2,-,390
10,18,c,3,-,497
10,18,c,4,-,491
10,18,c,5,-,424
10,18,c,6,-,400
10,18,c,7,-,479
10,18,c,8,-,559
10,18,c,?,0,1411
10,1,a,0,-,518
10,1,a,1,-,596
10,1,a,2,-,542
10,1,a,3,-,887
10,1,a,4,-,421
10,1,a,5,-,422
10,1,a,6,-,417
10,1,a,7,-,456
10,1,a,8,-,623
10,1,a,?,1,2011
10,2,c,0,-,337
10,2,c,1,-,463
10,2,c,2,-,422
10,2,c,3,-,564
10,2,c,4,-,468
10,2,c,5,-,454
10,2,c,6,-,482
10,2,c,7,-,779
10,2,c,8,-,1923
10,2,c,?,1,3303
10,14,h,0,-,307
10,14,h,1,-,350
10,14,h,2,-,318
10,14,h,3,-,346
10,14,h,4,-,321
10,14,h,5,-,355
10,14,h,6,-,341
10,14,h,7,-,360
10,14,h,8,-,563
10,14,h,?,1,2713
10,9,a,0,-,701
10,9,a,1,-,618
10,9,a,2,-,386
10,9,a,3,-,516
10,9,a,4,-,448
10,9,a,5,-,453
10,9,a,6,-,445
10,9,a,7,-,937
10,9,a,8,-,553
10,9,a,?,1,937
10,7,g,0,-,358
10,7,g,1,-,368
10,7,g,2,-,370
10,7,g,3,-,292
10,7,g,4,-,345
10,7,g,5,-,319
10,7,g,6,-,292
10,7,g,7,-,280
10,7,g,8,-,429
10,7,g,?,1,2460
10,6,h,0,-,303
10,6,h,1,-,372
10,6,h,2,-,333
10,6,h,3,-,495
10,6,h,4,-,394
10,6,h,5,-,382
10,6,h,6,-,313
10,6,h,7,-,384
10,6,h,8,-,2835
10,6,h,?,1,1861
10,4,e,0,-,375
10,4,e,1,-,359
10,4,e,2,-,359
10,4,e,3,-,313
10,4,e,4,-,345
10,4,e,5,-,294
10,4,e,6,-,316
10,4,e,7,-,247
10,4,e,8,-,470
10,4,e,?,1,1865
10,11,d,0,-,417
10,11,d,1,-,327
10,11,d,2,-,295
10,11,d,3,-,536
10,11,d,4,-,546
10,11,d,5,-,471
10,11,d,6,-,539
10,11,d,7,-,423
10,11,d,8,-,2126
10,11,d,?,1,913
10,13,f,0,-,452
10,13,f,1,-,438
10,13,f,2,-,296
10,13,f,3,-,282
10,13,f,4,-,170
10,13,f,5,-,608
10,13,f,6,-,668
10,13,f,7,-,586
10,13,f,8,-,440
10,13,f,?,1,2521
10,5,f,0,-,309
10,5,f,1,-,290
10,5,f,2,-,200
10,5,f,3,-,139
10,5,f,4,-,859
10,5,f,5,-,527
10,5,f,6,-,611
10,5,f,7,-,665
10,5,f,8,-,784
10,5,f,?,1,1053
10,8,b,0,-,651
10,8,b,1,-,611
10,8,b,2,-,489
10,8,b,3,-,538
10,8,b,4,-,478
10,8,b,5,-,490
10,8,b,6,-,473
10,8,b,7,-,705
10,8,b,8,-,990
10,8,b,?,1,2274
10,21,f,0,-,493
10,21,f,1,-,393
10,21,f,2,-,397
10,21,f,3,-,426
10,21,f,4,-,523
10,21,f,5,-,434
10,21,f,6,-,604
10,21,f,7,-,447
10,21,f,8,-,1215
10,21,f,?,1,1997
10,20,e,0,-,330
10,20,e,1,-,434
10,20,e,2,-,781
10,20,e,3,-,372
10,20,e,4,-,380
10,20,e,5,-,348
10,20,e,6,-,411
10,20,e,7,-,483
10,20,e,8,-,480
10,20,e,?,1,2604
10,3,d,0,-,420
10,3,d,1,-,278
10,3,d,2,-,331
10,3,d,3,-,289
10,3,d,4,-,416
10,3,d,5,-,337
10,3,d,6,-,312
10,3,d,7,-,428
10,3,d,8,-,393
10,3,d,?,1,2305
10,16,b,0,-,535
10,16,b,1,-,377
10,16,b,2,-,486
10,16,b,3,-,501
10,16,b,4,-,568
10,16,b,5,-,807
10,16,b,6,-,510
10,16,b,7,-,507
10,16,b,8,-,577
10,16,b,?,0,1946
10,10,c,0,-,464
10,10,c,1,-,437
10,10,c,2,-,477
10,10,c,3,-,492
10,10,c,4,-,424
10,10,c,5,-,412
10,10,c,6,-,445
10,10,c,7,-,437
10,10,c,8,-,477
10,10,c,?,1,1606
11,9,c,0,-,1071
11,9,c,1,-,801
11,9,c,2,-,739
11,9,c,3,-,942
11,9,c,4,-,1000
11,9,c,5,-,645
11,9,c,6,-,766
11,9,c,7,-,792
11,9,c,8,-,1532
11,9,c,?,1,2750
11,2,d,0,-,837
11,2,d,1,-,711
11,2,d,2,-,625
11,2,d,3,-,733
11,2,d,4,-,829
11,2,d,5,-,652
11,2,d,6,-,661
11,2,d,7,-,1337
11,2,d,8,-,946
11,2,d,?,1,2463
11,16,a,0,-,922
11,16,a,1,-,863
11,16,a,2,-,716
11,16,a,3,-,882
11,16,a,4,-,757
11,16,a,5,-,820
11,16,a,6,-,802
11,16,a,7,-,993
11,16,a,8,-,969
11,16,a,?,0,2410
11,6,g,0,-,667
11,6,g,1,-,574
11,6,g,2,-,551
11,6,g,3,-,957
11,6,g,4,-,653
11,6,g,5,-,597
11,6,g,6,-,759
11,6,g,7,-,1104
11,6,g,8,-,769
11,6,g,?,1,3018
11,3,e,0,-,571
11,3,e,1,-,508
11,3,e,2,-,526
11,3,e,3,-,479
11,3,e,4,-,592
11,3,e,5,-,813
11,3,e,6,-,526
11,3,e,7,-,509
11,3,e,8,-,654
11,3,e,?,1,2507
11,18,d,0,-,526
11,18,d,1,-,595
11,18,d,2,-,667
11,18,d,3,-,1410
11,18,d,4,-,1119
11,18,d,5,-,633
11,18,d,6,-,612
11,18,d,7,-,912
11,18,d,8,-,665
11,18,d,?,1,2019
11,17,c,0,-,587
11,17,c,1,-,734
11,17,c,2,-,612
11,17,c,3,-,599
11,17,c,4,-,527
11,17,c,5,-,807
11,17,c,6,-,606
11,17,c,7,-,640
11,17,c,8,-,664
11,17,c,?,1,2747
11,4,f,0,-,581
11,4,f,1,-,487
11,4,f,2,-,545
11,4,f,3,-,537
11,4,f,4,-,451
11,4,f,5,-,490
11,4,f,6,-,454
11,4,f,7,-,537
11,4,f,8,-,539
11,4,f,?,1,3220
11,12,f,0,-,499
11,12,f,1,-,581
11,12,f,2,-,774
11,12,f,3,-,659
11,12,f,4,-,495
11,12,f,5,-,530
11,12,f,6,-,559
11,12,f,7,-,474
11,12,f,8,-,639
11,12,f,?,1,2656
11,19,e,0,-,559
11,19,e,1,-,529
11,19,e,2,-,535
11,19,e,3,-,652
11,19,e,4,-,635
11,19,e,5,-,717
11,19,e,6,-,575
11,19,e,7,-,675
11,19,e,8,-,692
11,19,e,?,1,3184
11,14,g,0,-,505
11,14,g,1,-,488
11,14,g,2,-,528
11,14,g,3,-,571
11,14,g,4,-,542
11,14,g,5,-,521
11,14,g,6,-,440
11,14,g,7,-,651
11,14,g,8,-,631
11,14,g,?,1,3106
11,15,b,0,-,501
11,15,b,1,-,539
11,15,b,2,-,495
11,15,b,3,-,575
11,15,b,4,-,799
11,15,b,5,-,553
11,15,b,6,-,564
11,15,b,7,-,832
11,15,b,8,-,893
11,15,b,?,1,2028
11,7,b,0,-,592
11,7,b,1,-,540
11,7,b,2,-,521
11,7,b,3,-,567
11,7,b,4,-,534
11,7,b,5,-,460
11,7,b,6,-,513
11,7,b,7,-,451
11,7,b,8,-,527
11,7,b,?,1,2549
11,8,a,0,-,496
11,8,a,1,-,442
11,8,a,2,-,583
11,8,a,3,-,624
11,8,a,4,-,522
11,8,a,5,-,582
11,8,a,6,-,470
11,8,a,7,-,540
11,8,a,8,-,621
11,8,a,?,1,1526
11,10,d,0,-,502
11,10,d,1,-,628
11,10,d,2,-,715
11,10,d,3,-,617
11,10,d,4,-,505
11,10,d,5,-,428
11,10,d,6,-,470
11,10,d,7,-,636
11,10,d,8,-,1268
11,10,d,?,1,3080
11,20,f,0,-,481
11,20,f,1,-,527
11,20,f,2,-,484
11,20,f,3,-,573
11,20,f,4,-,529
11,20,f,5,-,448
11,20,f,6,-,656
11,20,f,7,-,578
11,20,f,8,-,652
11,20,f,?,1,2003
11,1,c,0,-,439
11,1,c,1,-,469
11,1,c,2,-,466
11,1,c,3,-,771
11,1,c,4,-,494
11,1,c,5,-,400
11,1,c,6,-,468
11,1,c,7,-,545
11,1,c,8,-,645
11,1,c,?,1,1270
11,13,h,0,-,457
11,13,h,1,-,435
11,13,h,2,-,463
11,13,h,3,-,608
11,13,h,4,-,517
11,13,h,5,-,547
11,13,h,6,-,549
11,13,h,7,-,567
11,13,h,8,-,665
11,13,h,?,1,1549
11,11,e,0,-,554
11,11,e,1,-,439
11,11,e,2,-,429
11,11,e,3,-,532
11,11,e,4,-,520
11,11,e,5,-,473
11,11,e,6,-,527
11,11,e,7,-,510
11,11,e,8,-,586
11,11,e,?,1,2112
11,5,h,0,-,501
11,5,h,1,-,520
11,5,h,2,-,495
11,5,h,3,-,622
11,5,h,4,-,460
11,5,h,5,-,508
11,5,h,6,-,455
11,5,h,7,-,483
11,5,h,8,-,654
11,5,h,?,1,2534
11,21,h,0,-,486
11,21,h,1,-,438
11,21,h,2,-,528
11,21,h,3,-,655
11,21,h,4,-,998
11,21,h,5,-,495
11,21,h,6,-,537
11,21,h,7,-,555
11,21,h,8,-,587
11,21,h,?,1,1467
12,14,b,0,-,438
12,14,b,1,-,745
12,14,b,2,-,392
12,14,b,3,-,616
12,14,b,4,-,547
12,14,b,5,-,421
12,14,b,6,-,610
12,14,b,7,-,392
12,14,b,8,-,820
12,14,b,?,1,2372
12,8,c,0,-,439
12,8,c,1,-,843
12,8,c,2,-,550
12,8,c,3,-,735
12,8,c,4,-,416
12,8,c,5,-,407
12,8,c,6,-,504
12,8,c,7,-,1371
12,8,c,8,-,864
12,8,c,?,1,2555
12,10,e,0,-,455
12,10,e,1,-,449
12,10,e,2,-,573
12,10,e,3,-,811
12,10,e,4,-,413
12,10,e,5,-,459
12,10,e,6,-,552
12,10,e,7,-,467
12,10,e,8,-,844
12,10,e,?,1,1785
12,20,h,0,-,415
12,20,h,1,-,855
12,20,h,2,-,390
12,20,h,3,-,786
12,20,h,4,-,454
12,20,h,5,-,447
12,20,h,6,-,1124
12,20,h,7,-,1038
12,20,h,8,-,1104
12,20,h,?,1,1538
12,13,g,0,-,431
12,13,g,1,-,508
12,13,g,2,-,625
12,13,g,3,-,766
12,13,g,4,-,418
12,13,g,5,-,412
12,13,g,6,-,742
12,13,g,7,-,929
12,13,g,8,-,618
12,13,g,?,1,1899
12,7,a,0,-,366
12,7,a,1,-,430
12,7,a,2,-,444
12,7,a,3,-,1033
12,7,a,4,-,415
12,7,a,5,-,448
12,7,a,6,-,447
12,7,a,7,-,913
12,7,a,8,-,682
12,7,a,?,0,1857
12,2,e,0,-,362
12,2,e,1,-,422
12,2,e,2,-,349
12,2,e,3,-,701
12,2,e,4,-,373
12,2,e,5,-,288
12,2,e,6,-,426
12,2,e,7,-,327
12,2,e,8,-,631
12,2,e,?,1,2754
12,5,g,0,-,413
12,5,g,1,-,463
12,5,g,2,-,501
12,5,g,3,-,1121
12,5,g,4,-,460
12,5,g,5,-,461
12,5,g,6,-,375
12,5,g,7,-,923
12,5,g,8,-,1738
12,5,g,?,1,1878
12,19,f,0,-,394
12,19,f,1,-,771
12,19,f,2,-,552
12,19,f,3,-,483
12,19,f,4,-,424
12,19,f,5,-,785
12,19,f,6,-,906
12,19,f,7,-,408
12,19,f,8,-,973
12,19,f,?,1,1406
12,11,f,0,-,352
12,11,f,1,-,612
12,11,f,2,-,462
12,11,f,3,-,384
12,11,f,4,-,560
12,11,f,5,-,431
12,11,f,6,-,371
12,11,f,7,-,481
12,11,f,8,-,604
12,11,f,?,1,1338
12,4,h,0,-,328
12,4,h,1,-,457
12,4,h,2,-,378
12,4,h,3,-,370
12,4,h,4,-,628
12,4,h,5,-,363
12,4,h,6,-,392
12,4,h,7,-,315
12,4,h,8,-,1354
12,4,h,?,0,3820
12,17,d,0,-,440
12,17,d,1,-,618
12,17,d,2,-,483
12,17,d,3,-,625
12,17,d,4,-,381
12,17,d,5,-,329
12,17,d,6,-,364
12,17,d,7,-,1696
12,17,d,8,-,1173
12,17,d,?,0,4774
12,21,g,0,-,683
12,21,g,1,-,699
12,21,g,2,-,738
12,21,g,3,-,523
12,21,g,4,-,407
12,21,g,5,-,444
12,21,g,6,-,484
12,21,g,7,-,379
12,21,g,8,-,603
12,21,g,?,1,1526
12,16,c,0,-,467
12,16,c,1,-,494
12,16,c,2,-,684
12,16,c,3,-,496
12,16,c,4,-,945
12,16,c,5,-,410
12,16,c,6,-,298
12,16,c,7,-,544
12,16,c,8,-,861
12,16,c,?,1,1973
12,3,f,0,-,588
12,3,f,1,-,366
12,3,f,2,-,411
12,3,f,3,-,592
12,3,f,4,-,429
12,3,f,5,-,423
12,3,f,6,-,420
12,3,f,7,-,390
12,3,f,8,-,774
12,3,f,?,1,1067
12,12,h,0,-,420
12,12,h,1,-,407
12,12,h,2,-,1362
12,12,h,3,-,524
12,12,h,4,-,416
12,12,h,5,-,335
12,12,h,6,-,244
12,12,h,7,-,399
12,12,h,8,-,398
12,12,h,?,1,2551
12,9,d,0,-,888
12,9,d,1,-,673
12,9,d,2,-,397
12,9,d,3,-,913
12,9,d,4,-,398
12,9,d,5,-,444
12,9,d,6,-,530
12,9,d,7,-,763
12,9,d,8,-,1002
12,9,d,?,1,1260
12,18,e,0,-,488
12,18,e,1,-,706
12,18,e,2,-,445
12,18,e,3,-,673
12,18,e,4,-,505
12,18,e,5,-,385
12,18,e,6,-,445
12,18,e,7,-,1613
12,18,e,8,-,562
12,18,e,?,1,1568
12,6,b,0,-,443
12,6,b,1,-,576
12,6,b,2,-,519
12,6,b,3,-,1095
12,6,b,4,-,436
12,6,b,5,-,472
12,6,b,6,-,769
12,6,b,7,-,1886
12,6,b,8,-,620
12,6,b,?,1,2371
12,15,a,0,-,894
12,15,a,1,-,726
12,15,a,2,-,487
12,15,a,3,-,1594
12,15,a,4,-,530
12,15,a,5,-,415
12,15,a,6,-,417
12,15,a,7,-,378
12,15,a,8,-,762
12,15,a,?,1,979
12,1,d,0,-,651
12,1,d,1,-,424
12,1,d,2,-,386
12,1,d,3,-,652
12,1,d,4,-,506
12,1,d,5,-,382
12,1,d,6,-,860
12,1,d,7,-,478
12,1,d,8,-,1974
12,1,d,?,1,1858
13,13,b,0,-,653
13,13,b,1,-,572
13,13,b,2,-,439
13,13,b,3,-,830
13,13,b,4,-,464
13,13,b,5,-,485
13,13,b,6,-,444
13,13,b,7,-,427
13,13,b,8,-,1686
13,13,b,?,1,2258
13,9,e,0,-,660
13,9,e,1,-,559
13,9,e,2,-,527
13,9,e,3,-,939
13,9,e,4,-,507
13,9,e,5,-,491
13,9,e,6,-,439
13,9,e,7,-,475
13,9,e,8,-,843
13,9,e,?,1,1374
13,16,d,0,-,555
13,16,d,1,-,1273
13,16,d,2,-,473
13,16,d,3,-,516
13,16,d,4,-,653
13,16,d,5,-,540
13,16,d,6,-,367
13,16,d,7,-,512
13,16,d,8,-,658
13,16,d,?,1,3289
13,19,h,0,-,465
13,19,h,1,-,479
13,19,h,2,-,518
13,19,h,3,-,1479
13,19,h,4,-,613
13,19,h,5,-,442
13,19,h,6,-,463
13,19,h,7,-,465
13,19,h,8,-,1013
13,19,h,?,1,1717
13,21,b,0,-,432
13,21,b,1,-,390
13,21,b,2,-,568
13,21,b,3,-,710
13,21,b,4,-,1477
13,21,b,5,-,343
13,21,b,6,-,257
13,21,b,7,-,475
13,21,b,8,-,510
13,21,b,?,1,1396
13,1,e,0,-,389
13,1,e,1,-,313
13,1,e,2,-,311
13,1,e,3,-,829
13,1,e,4,-,425
13,1,e,5,-,389
13,1,e,6,-,332
13,1,e,7,-,333
13,1,e,8,-,583
13,1,e,?,1,1205
13,11,h,0,-,394
13,11,h,1,-,393
13,11,h,2,-,557
13,11,h,3,-,294
13,11,h,4,-,547
13,11,h,5,-,304
13,11,h,6,-,282
13,11,h,7,-,792
13,11,h,8,-,534
13,11,h,?,1,1802
13,15,c,0,-,436
13,15,c,1,-,405
13,15,c,2,-,333
13,15,c,3,-,1130
13,15,c,4,-,336
13,15,c,5,-,292
13,15,c,6,-,420
13,15,c,7,-,341
13,15,c,8,-,562
13,15,c,?,1,955
13,8,d,0,-,377
13,8,d,1,-,365
13,8,d,2,-,315
13,8,d,3,-,267
13,8,d,4,-,570
13,8,d,5,-,348
13,8,d,6,-,279
13,8,d,7,-,282
13,8,d,8,-,611
13,8,d,?,1,1111
13,5,b,0,-,410
13,5,b,1,-,341
13,5,b,2,-,329
13,5,b,3,-,353
13,5,b,4,-,530
13,5,b,5,-,341
13,5,b,6,-,421
13,5,b,7,-,602
13,5,b,8,-,505
13,5,b,?,1,2191
13,17,e,0,-,370
13,17,e,1,-,394
13,17,e,2,-,542
13,17,e,3,-,880
13,17,e,4,-,583
13,17,e,5,-,383
13,17,e,6,-,651
13,17,e,7,-,927
13,17,e,8,-,1343
13,17,e,?,1,1998
13,18,f,0,-,380
13,18,f,1,-,368
13,18,f,2,-,387
13,18,f,3,-,490
13,18,f,4,-,968
13,18,f,5,-,358
13,18,f,6,-,307
13,18,f,7,-,412
13,18,f,8,-,419
13,18,f,?,1,1291
13,3,h,0,-,331
13,3,h,1,-,374
13,3,h,2,-,688
13,3,h,3,-,1080
13,3,h,4,-,318
13,3,h,5,-,293
13,3,h,6,-,274
13,3,h,7,-,777
13,3,h,8,-,417
13,3,h,?,1,2062
13,2,f,0,-,245
13,2,f,1,-,376
13,2,f,2,-,321
13,2,f,3,-,422
13,2,f,4,-,527
13,2,f,5,-,374
13,2,f,6,-,310
13,2,f,7,-,503
13,2,f,8,-,971
13,2,f,?,1,1833
13,6,a,0,-,346
13,6,a,1,-,343
13,6,a,2,-,689
13,6,a,3,-,869
13,6,a,4,-,732
13,6,a,5,-,557
13,6,a,6,-,731
13,6,a,7,-,1649
13,6,a,8,-,650
13,6,a,?,1,1419
13,20,g,0,-,283
13,20,g,1,-,290
13,20,g,2,-,232
13,20,g,3,-,519
13,20,g,4,-,478
13,20,g,5,-,276
13,20,g,6,-,176
13,20,g,7,-,321
13,20,g,8,-,525
13,20,g,?,1,1484
13,7,c,0,-,260
13,7,c,1,-,406
13,7,c,2,-,343
13,7,c,3,-,339
13,7,c,4,-,538
13,7,c,5,-,306
13,7,c,6,-,457
13,7,c,7,-,355
13,7,c,8,-,285
13,7,c,?,1,774
13,10,f,0,-,495
13,10,f,1,-,411
13,10,f,2,-,354
13,10,f,3,-,731
13,10,f,4,-,327
13,10,f,5,-,273
13,10,f,6,-,304
13,10,f,7,-,358
13,10,f,8,-,447
13,10,f,?,1,1974
13,14,a,0,-,457
13,14,a,1,-,548
13,14,a,2,-,493
13,14,a,3,-,360
13,14,a,4,-,772
13,14,a,5,-,296
13,14,a,6,-,313
13,14,a,7,-,846
13,14,a,8,-,404
13,14,a,?,1,2003
13,12,g,0,-,370
13,12,g,1,-,279
13,12,g,2,-,357
13,12,g,3,-,308
13,12,g,4,-,383
13,12,g,5,-,306
13,12,g,6,-,266
13,12,g,7,-,321
13,12,g,8,-,505
13,12,g,?,1,2113
13,4,g,0,-,291
13,4,g,1,-,317
13,4,g,2,-,643
13,4,g,3,-,355
13,4,g,4,-,342
13,4,g,5,-,335
13,4,g,6,-,335
13,4,g,7,-,323
13,4,g,8,-,329
13,4,g,?,1,1871
14,15,d,0,-,412
14,15,d,1,-,468
14,15,d,2,-,438
14,15,d,3,-,437
14,15,d,4,-,548
14,15,d,5,-,477
14,15,d,6,-,360
14,15,d,7,-,503
14,15,d,8,-,781
14,15,d,?,1,1345
14,3,g,0,-,489
14,3,g,1,-,1035
14,3,g,2,-,751
14,3,g,3,-,722
14,3,g,4,-,469
14,3,g,5,-,450
14,3,g,6,-,474
14,3,g,7,-,644
14,3,g,8,-,717
14,3,g,?,1,1309
14,12,b,0,-,398
14,12,b,1,-,424
14,12,b,2,-,418
14,12,b,3,-,707
14,12,b,4,-,464
14,12,b,5,-,590
14,12,b,6,-,399
14,12,b,7,-,448
14,12,b,8,-,592
14,12,b,?,1,1832
14,5,a,0,-,383
14,5,a,1,-,368
14,5,a,2,-,438
14,5,a,3,-,749
14,5,a,4,-,395
14,5,a,5,-,405
14,5,a,6,-,437
14,5,a,7,-,527
14,5,a,8,-,945
14,5,a,?,1,1121
14,21,a,0,-,505
14,21,a,1,-,672
14,21,a,2,-,387
14,21,a,3,-,804
14,21,a,4,-,460
14,21,a,5,-,476
14,21,a,6,-,445
14,21,a,7,-,483
14,21,a,8,-,651
14,21,a,?,1,1460
14,2,h,0,-,651
14,2,h,1,-,693
14,2,h,2,-,314
14,2,h,3,-,620
14,2,h,4,-,445
14,2,h,5,-,375
14,2,h,6,-,375
14,2,h,7,-,887
14,2,h,8,-,618
14,2,h,?,1,1692
14,9,f,0,-,576
14,9,f,1,-,477
14,9,f,2,-,500
14,9,f,3,-,328
14,9,f,4,-,719
14,9,f,5,-,576
14,9,f,6,-,446
14,9,f,7,-,447
14,9,f,8,-,602
14,9,f,?,1,1408
14,6,c,0,-,546
14,6,c,1,-,478
14,6,c,2,-,438
14,6,c,3,-,1079
14,6,c,4,-,1236
14,6,c,5,-,347
14,6,c,6,-,346
14,6,c,7,-,473
14,6,c,8,-,662
14,6,c,?,1,1437
14,19,g,0,-,415
14,19,g,1,-,478
14,19,g,2,-,476
14,19,g,3,-,564
14,19,g,4,-,387
14,19,g,5,-,376
14,19,g,6,-,400
14,19,g,7,-,435
14,19,g,8,-,729
14,19,g,?,1,1337
14,13,a,0,-,415
14,13,a,1,-,442
14,13,a,2,-,390
14,13,a,3,-,612
14,13,a,4,-,455
14,13,a,5,-,361
14,13,a,6,-,499
14,13,a,7,-,402
14,13,a,8,-,463
14,13,a,?,1,1247
14,7,d,0,-,440
14,7,d,1,-,516
14,7,d,2,-,387
14,7,d,3,-,520
14,7,d,4,-,471
14,7,d,5,-,383
14,7,d,6,-,539
14,7,d,7,-,497
14,7,d,8,-,709
14,7,d,?,1,1254
14,18,h,0,-,741
14,18,h,1,-,701
14,18,h,2,-,372
14,18,h,3,-,807
14,18,h,4,-,597
14,18,h,5,-,529
14,18,h,6,-,512
14,18,h,7,-,645
14,18,h,8,-,565
14,18,h,?,1,1658
14,14,c,0,-,393
14,14,c,1,-,489
14,14,c,2,-,426
14,14,c,3,-,587
14,14,c,4,-,476
14,14,c,5,-,580
14,14,c,6,-,573
14,14,c,7,-,519
14,14,c,8,-,680
14,14,c,?,1,2632
14,1,f,0,-,400
14,1,f,1,-,353
14,1,f,2,-,702
14,1,f,3,-,613
14,1,f,4,-,706
14,1,f,5,-,394
14,1,f,6,-,412
14,1,f,7,-,557
14,1,f,8,-,1222
14,1,f,?,1,1279
14,10,h,0,-,371
14,10,h,1,-,452
14,10,h,2,-,500
14,10,h,3,-,669
14,10,h,4,-,451
14,10,h,5,-,402
14,10,h,6,-,375
14,10,h,7,-,414
14,10,h,8,-,595
14,10,h,?,1,1614
14,17,f,0,-,391
14,17,f,1,-,463
14,17,f,2,-,429
14,17,f,3,-,447
14,17,f,4,-,782
14,17,f,5,-,402
14,17,f,6,-,380
14,17,f,7,-,583
14,17,f,8,-,668
14,17,f,?,1,1800
14,4,b,0,-,366
14,4,b,1,-,442
14,4,b,2,-,453
14,4,b,3,-,417
14,4,b,4,-,420
14,4,b,5,-,407
14,4,b,6,-,358
14,4,b,7,-,377
14,4,b,8,-,386
14,4,b,?,1,1929
14,8,e,0,-,335
14,8,e,1,-,341
14,8,e,2,-,376
14,8,e,3,-,305
14,8,e,4,-,644
14,8,e,5,-,400
14,8,e,6,-,594
14,8,e,7,-,421
14,8,e,8,-,520
14,8,e,?,1,1253
14,16,e,0,-,342
14,16,e,1,-,351
14,16,e,2,-,344
14,16,e,3,-,357
14,16,e,4,-,351
14,16,e,5,-,371
14,16,e,6,-,350
14,16,e,7,-,359
14,16,e,8,-,411
14,16,e,?,1,1178
14,11,g,0,-,340
14,11,g,1,-,425
14,11,g,2,-,377
14,11,g,3,-,395
14,11,g,4,-,393
14,11,g,5,-,376
14,11,g,6,-,374
14,11,g,7,-,367
14,11,g,8,-,640
14,11,g,?,1,1084
15,15,e,0,-,447
15,15,e,1,-,377
15,15,e,2,-,496
15,15,e,3,-,1274
15,15,e,4,-,435
15,15,e,5,-,422
15,15,e,6,-,739
15,15,e,7,-,1601
15,15,e,8,-,1052
15,15,e,?,1,2688
15,2,g,0,-,403
15,2,g,1,-,315
15,2,g,2,-,460
15,2,g,3,-,758
15,2,g,4,-,501
15,2,g,5,-,377
15,2,g,6,-,451
15,2,g,7,-,397
15,2,g,8,-,582
15,2,g,?,0,6326
15,6,d,0,-,330
15,6,d,1,-,242
15,6,d,2,-,481
15,6,d,3,-,704
15,6,d,4,-,462
15,6,d,5,-,338
15,6,d,6,-,500
15,6,d,7,-,623
15,6,d,8,-,906
15,6,d,?,1,3909
15,3,b,0,-,345
15,3,b,1,-,311
15,3,b,2,-,494
15,3,b,3,-,1221
15,3,b,4,-,482
15,3,b,5,-,523
15,3,b,6,-,626
15,3,b,7,-,479
15,3,b,8,-,656
15,3,b,?,1,1811
15,11,b,0,-,399
15,11,b,1,-,249
15,11,b,2,-,475
15,11,b,3,-,303
15,11,b,4,-,1112
15,11,b,5,-,337
15,11,b,6,-,475
15,11,b,7,-,514
15,11,b,8,-,637
15,11,b,?,1,3517
15,7,e,0,-,605
15,7,e,1,-,390
15,7,e,2,-,952
15,7,e,3,-,761
15,7,e,4,-,595
15,7,e,5,-,592
15,7,e,6,-,505
15,7,e,7,-,493
15,7,e,8,-,552
15,7,e,?,1,1400
15,4,a,0,-,569
15,4,a,1,-,556
15,4,a,2,-,709
15,4,a,3,-,808
15,4,a,4,-,491
15,4,a,5,-,450
15,4,a,6,-,572
15,4,a,7,-,545
15,4,a,8,-,1059
15,4,a,?,1,3345
15,18,g,0,-,355
15,18,g,1,-,464
15,18,g,2,-,393
15,18,g,3,-,822
15,18,g,4,-,564
15,18,g,5,-,412
15,18,g,6,-,638
15,18,g,7,-,529
15,18,g,8,-,555
15,18,g,?,1,4052
15,5,c,0,-,426
15,5,c,1,-,611
15,5,c,2,-,518
15,5,c,3,-,779
15,5,c,4,-,440
15,5,c,5,-,519
15,5,c,6,-,544
15,5,c,7,-,467
15,5,c,8,-,585
15,5,c,?,1,1977
15,14,d,0,-,437
15,14,d,1,-,616
15,14,d,2,-,751
15,14,d,3,-,607
15,14,d,4,-,514
15,14,d,5,-,365
15,14,d,6,-,665
15,14,d,7,-,452
15,14,d,8,-,1710
15,14,d,?,1,3032
15,16,f,0,-,353
15,16,f,1,-,561
15,16,f,2,-,691
15,16,f,3,-,862
15,16,f,4,-,382
15,16,f,5,-,363
15,16,f,6,-,583
15,16,f,7,-,435
15,16,f,8,-,730
15,16,f,?,0,2467
15,20,a,0,-,515
15,20,a,1,-,410
15,20,a,2,-,1078
15,20,a,3,-,879
15,20,a,4,-,493
15,20,a,5,-,329
15,20,a,6,-,371
15,20,a,7,-,398
15,20,a,8,-,574
15,20,a,?,0,2212
15,13,c,0,-,562
15,13,c,1,-,396
15,13,c,2,-,362
15,13,c,3,-,802
15,13,c,4,-,416
15,13,c,5,-,413
15,13,c,6,-,420
15,13,c,7,-,464
15,13,c,8,-,828
15,13,c,?,1,1922
15,19,b,0,-,391
15,19,b,1,-,249
15,19,b,2,-,391
15,19,b,3,-,379
15,19,b,4,-,416
15,19,b,5,-,319
15,19,b,6,-,228
15,19,b,7,-,369
15,19,b,8,-,606
15,19,b,?,1,1893
15,10,g,0,-,354
15,10,g,1,-,200
15,10,g,2,-,378
15,10,g,3,-,488
15,10,g,4,-,720
15,10,g,5,-,457
15,10,g,6,-,309
15,10,g,7,-,387
15,10,g,8,-,605
15,10,g,?,0,2696
15,9,h,0,-,352
15,9,h,1,-,259
15,9,h,2,-,318
15,9,h,3,-,294
15,9,h,4,-,692
15,9,h,5,-,511
15,9,h,6,-,450
15,9,h,7,-,355
15,9,h,8,-,503
15,9,h,?,1,1664
15,12,a,0,-,337
15,12,a,1,-,276
15,12,a,2,-,228
15,12,a,3,-,263
15,12,a,4,-,505
15,12,a,5,-,315
15,12,a,6,-,271
15,12,a,7,-,265
15,12,a,8,-,673
15,12,a,?,1,3130
15,17,h,0,-,309
15,17,h,1,-,198
15,17,h,2,-,232
15,17,h,3,-,395
15,17,h,4,-,386
15,17,h,5,-,336
15,17,h,6,-,336
15,17,h,7,-,839
15,17,h,8,-,435
15,17,h,?,1,1812
15,21,c,0,-,242
15,21,c,1,-,260
15,21,c,2,-,209
15,21,c,3,-,194
15,21,c,4,-,196
15,21,c,5,-,453
15,21,c,6,-,254
15,21,c,7,-,249
15,21,c,8,-,566
15,21,c,?,1,1129
15,8,f,0,-,435
15,8,f,1,-,306
15,8,f,2,-,435
15,8,f,3,-,332
15,8,f,4,-,616
15,8,f,5,-,281
15,8,f,6,-,328
15,8,f,7,-,549
15,8,f,8,-,659
15,8,f,?,1,1207
15,1,h,0,-,325
15,1,h,1,-,206
15,1,h,2,-,435
15,1,h,3,-,546
15,1,h,4,-,738
15,1,h,5,-,436
15,1,h,6,-,242
15,1,h,7,-,259
15,1,h,8,-,669
15,1,h,?,1,1761
16,9,g,0,-,485
16,9,g,1,-,380
16,9,g,2,-,554
16,9,g,3,-,800
16,9,g,4,-,418
16,9,g,5,-,611
16,9,g,6,-,526
16,9,g,7,-,578
16,9,g,8,-,3051
16,9,g,?,1,2490
16,21,d,0,-,368
16,21,d,1,-,704
16,21,d,2,-,521
16,21,d,3,-,712
16,21,d,4,-,383
16,21,d,5,-,561
16,21,d,6,-,862
16,21,d,7,-,865
16,21,d,8,-,2259
16,21,d,?,1,3572
16,15,f,0,-,379
16,15,f,1,-,487
16,15,f,2,-,471
16,15,f,3,-,909
16,15,f,4,-,561
16,15,f,5,-,516
16,15,f,6,-,698
16,15,f,7,-,643
16,15,f,8,-,826
16,15,f,?,1,1250
16,11,a,0,-,311
16,11,a,1,-,226
16,11,a,2,-,590
16,11,a,3,-,496
16,11,a,4,-,442
16,11,a,5,-,352
16,11,a,6,-,456
16,11,a,7,-,393
16,11,a,8,-,546
16,11,a,?,1,1479
16,14,e,0,-,314
16,14,e,1,-,247
16,14,e,2,-,342
16,14,e,3,-,290
16,14,e,4,-,612
16,14,e,5,-,359
16,14,e,6,-,437
16,14,e,7,-,474
16,14,e,8,-,534
16,14,e,?,1,3685
16,4,c,0,-,410
16,4,c,1,-,575
16,4,c,2,-,289
16,4,c,3,-,288
16,4,c,4,-,415
16,4,c,5,-,380
16,4,c,6,-,360
16,4,c,7,-,559
16,4,c,8,-,548
16,4,c,?,1,4274
16,19,a,0,-,439
16,19,a,1,-,259
16,19,a,2,-,472
16,19,a,3,-,158
16,19,a,4,-,666
16,19,a,5,-,360
16,19,a,6,-,224
16,19,a,7,-,477
16,19,a,8,-,511
16,19,a,?,1,1559
16,7,f,0,-,308
16,7,f,1,-,479
16,7,f,2,-,424
16,7,f,3,-,594
16,7,f,4,-,493
16,7,f,5,-,403
16,7,f,6,-,449
16,7,f,7,-,532
16,7,f,8,-,534
16,7,f,?,1,1250
16,20,c,0,-,329
16,20,c,1,-,271
16,20,c,2,-,384
16,20,c,3,-,393
16,20,c,4,-,506
16,20,c,5,-,394
16,20,c,6,-,397
16,20,c,7,-,458
16,20,c,8,-,2055
16,20,c,?,1,1508
16,10,b,0,-,293
16,10,b,1,-,228
16,10,b,2,-,340
16,10,b,3,-,364
16,10,b,4,-,669
16,10,b,5,-,474
16,10,b,6,-,355
16,10,b,7,-,530
16,10,b,8,-,40
16,10,b,?,1,1873
16,5,d,0,-,482
16,5,d,1,-,221
16,5,d,2,-,476
16,5,d,3,-,750
16,5,d,4,-,447
16,5,d,5,-,444
16,5,d,6,-,368
16,5,d,7,-,611
16,5,d,8,-,1663
16,5,d,?,1,1457
16,8,h,0,-,330
16,8,h,1,-,304
16,8,h,2,-,309
16,8,h,3,-,328
16,8,h,4,-,426
16,8,h,5,-,420
16,8,h,6,-,419
16,8,h,7,-,625
16,8,h,8,-,1813
16,8,h,?,1,2195
16,16,h,0,-,348
16,16,h,1,-,247
16,16,h,2,-,290
16,16,h,3,-,290
16,16,h,4,-,523
16,16,h,5,-,359
16,16,h,6,-,480
16,16,h,7,-,954
16,16,h,8,-,569
16,16,h,?,1,1761
16,1,g,0,-,321
16,1,g,1,-,317
16,1,g,2,-,423
16,1,g,3,-,349
16,1,g,4,-,662
16,1,g,5,-,429
16,1,g,6,-,734
16,1,g,7,-,695
16,1,g,8,-,516
16,1,g,?,1,1845
16,2,b,0,-,328
16,2,b,1,-,294
16,2,b,2,-,337
16,2,b,3,-,479
16,2,b,4,-,462
16,2,b,5,-,426
16,2,b,6,-,418
16,2,b,7,-,461
16,2,b,8,-,500
16,2,b,?,1,1642
16,6,e,0,-,309
16,6,e,1,-,224
16,6,e,2,-,252
16,6,e,3,-,426
16,6,e,4,-,565
16,6,e,5,-,340
16,6,e,6,-,358
16,6,e,7,-,300
16,6,e,8,-,570
16,6,e,?,1,1484
16,13,d,0,-,269
16,13,d,1,-,334
16,13,d,2,-,330
16,13,d,3,-,463
16,13,d,4,-,472
16,13,d,5,-,416
16,13,d,6,-,448
16,13,d,7,-,849
16,13,d,8,-,456
16,13,d,?,1,1371
16,12,c,0,-,285
16,12,c,1,-,407
16,12,c,2,-,411
16,12,c,3,-,475
16,12,c,4,-,459
16,12,c,5,-,471
16,12,c,6,-,468
16,12,c,7,-,524
16,12,c,8,-,742
16,12,c,?,1,3949
16,3,a,0,-,365
16,3,a,1,-,375
16,3,a,2,-,415
16,3,a,3,-,495
16,3,a,4,-,459
16,3,a,5,-,425
16,3,a,6,-,409
16,3,a,7,-,427
16,3,a,8,-,468
16,3,a,?,1,1751
16,17,g,0,-,348
16,17,g,1,-,322
16,17,g,2,-,418
16,17,g,3,-,426
16,17,g,4,-,448
16,17,g,5,-,330
16,17,g,6,-,328
16,17,g,7,-,1220
16,17,g,8,-,1196
16,17,g,?,1,2245
16,18,b,0,-,361
16,18,b,1,-,411
16,18,b,2,-,784
16,18,b,3,-,723
16,18,b,4,-,437
16,18,b,5,-,485
16,18,b,6,-,527
16,18,b,7,-,702
16,18,b,8,-,574
16,18,b,?,1,1411
17,10,a,0,-,384
17,10,a,1,-,357
17,10,a,2,-,361
17,10,a,3,-,322
17,10,a,4,-,918
17,10,a,5,-,452
17,10,a,6,-,368
17,10,a,7,-,391
17,10,a,8,-,533
17,10,a,?,1,1660
17,19,c,0,-,444
17,19,c,1,-,429
17,19,c,2,-,443
17,19,c,3,-,441
17,19,c,4,-,1210
17,19,c,5,-,464
17,19,c,6,-,450
17,19,c,7,-,423
17,19,c,8,-,591
17,19,c,?,1,1091
17,4,d,0,-,400
17,4,d,1,-,362
17,4,d,2,-,369
17,4,d,3,-,385
17,4,d,4,-,640
17,4,d,5,-,340
17,4,d,6,-,415
17,4,d,7,-,397
17,4,d,8,-,496
17,4,d,?,1,1804
17,3,c,0,-,385
17,3,c,1,-,294
17,3,c,2,-,497
17,3,c,3,-,427
17,3,c,4,-,436
17,3,c,5,-,341
17,3,c,6,-,298
17,3,c,7,-,313
17,3,c,8,-,797
17,3,c,?,1,1547
17,12,d,0,-,415
17,12,d,1,-,464
17,12,d,2,-,515
17,12,d,3,-,1405
17,12,d,4,-,633
17,12,d,5,-,504
17,12,d,6,-,415
17,12,d,7,-,331
17,12,d,8,-,393
17,12,d,?,1,3045
17,20,d,0,-,400
17,20,d,1,-,362
17,20,d,2,-,367
17,20,d,3,-,417
17,20,d,4,-,518
17,20,d,5,-,341
17,20,d,6,-,337
17,20,d,7,-,359
17,20,d,8,-,480
17,20,d,?,1,1483
17,14,f,0,-,326
17,14,f,1,-,362
17,14,f,2,-,488
17,14,f,3,-,500
17,14,f,4,-,391
17,14,f,5,-,324
17,14,f,6,-,414
17,14,f,7,-,393
17,14,f,8,-,422
17,14,f,?,0,3849
17,6,f,0,-,394
17,6,f,1,-,386
17,6,f,2,-,346
17,6,f,3,-,664
17,6,f,4,-,360
17,6,f,5,-,313
17,6,f,6,-,395
17,6,f,7,-,396
17,6,f,8,-,430
17,6,f,?,1,1345
17,5,e,0,-,398
17,5,e,1,-,356
17,5,e,2,-,365
17,5,e,3,-,539
17,5,e,4,-,457
17,5,e,5,-,444
17,5,e,6,-,418
17,5,e,7,-,340
17,5,e,8,-,417
17,5,e,?,1,1687
17,9,b,0,-,425
17,9,b,1,-,458
17,9,b,2,-,371
17,9,b,3,-,408
17,9,b,4,-,410
17,9,b,5,-,424
17,9,b,6,-,411
17,9,b,7,-,418
17,9,b,8,-,448
17,9,b,?,1,1901
17,2,a,0,-,386
17,2,a,1,-,349
17,2,a,2,-,326
17,2,a,3,-,529
17,2,a,4,-,420
17,2,a,5,-,328
17,2,a,6,-,280
17,2,a,7,-,353
17,2,a,8,-,336
17,2,a,?,1,1503
17,8,g,0,-,392
17,8,g,1,-,349
17,8,g,2,-,423
17,8,g,3,-,342
17,8,g,4,-,369
17,8,g,5,-,322
17,8,g,6,-,339
17,8,g,7,-,391
17,8,g,8,-,463
17,8,g,?,1,1297
17,7,h,0,-,328
17,7,h,1,-,265
17,7,h,2,-,275
17,7,h,3,-,498
17,7,h,4,-,667
17,7,h,5,-,304
17,7,h,6,-,321
17,7,h,7,-,315
17,7,h,8,-,424
17,7,h,?,1,1264
17,13,e,0,-,422
17,13,e,1,-,420
17,13,e,2,-,383
17,13,e,3,-,352
17,13,e,4,-,415
17,13,e,5,-,385
17,13,e,6,-,333
17,13,e,7,-,405
17,13,e,8,-,475
17,13,e,?,1,1338
17,1,b,0,-,300
17,1,b,1,-,358
17,1,b,2,-,320
17,1,b,3,-,340
17,1,b,4,-,409
17,1,b,5,-,377
17,1,b,6,-,286
17,1,b,7,-,326
17,1,b,8,-,344
17,1,b,?,1,1033
17,11,c,0,-,386
17,11,c,1,-,333
17,11,c,2,-,411
17,11,c,3,-,358
17,11,c,4,-,413
17,11,c,5,-,323
17,11,c,6,-,291
17,11,c,7,-,348
17,11,c,8,-,433
17,11,c,?,1,1228
17,15,h,0,-,356
17,15,h,1,-,295
17,15,h,2,-,341
17,15,h,3,-,341
17,15,h,4,-,704
17,15,h,5,-,368
17,15,h,6,-,321
17,15,h,7,-,307
17,15,h,8,-,374
17,15,h,?,1,1531
17,18,a,0,-,264
17,18,a,1,-,335
17,18,a,2,-,272
17,18,a,3,-,442
17,18,a,4,-,447
17,18,a,5,-,472
17,18,a,6,-,487
17,18,a,7,-,308
17,18,a,8,-,350
17,18,a,?,1,1308
17,16,g,0,-,368
17,16,g,1,-,293
17,16,g,2,-,305
17,16,g,3,-,335
17,16,g,4,-,435
17,16,g,5,-,361
17,16,g,6,-,355
17,16,g,7,-,322
17,16,g,8,-,410
17,16,g,?,1,1340
17,21,e,0,-,319
17,21,e,1,-,288
17,21,e,2,-,339
17,21,e,3,-,343
17,21,e,4,-,518
17,21,e,5,-,346
17,21,e,6,-,333
17,21,e,7,-,320
17,21,e,8,-,341
17,21,e,?,1,1005
17,17,b,0,-,298
17,17,b,1,-,269
17,17,b,2,-,334
17,17,b,3,-,328
17,17,b,4,-,512
17,17,b,5,-,323
17,17,b,6,-,311
17,17,b,7,-,305
17,17,b,8,-,392
17,17,b,?,1,4087
18,14,h,0,-,783
18,14,h,1,-,392
18,14,h,2,-,812
18,14,h,3,-,503
18,14,h,4,-,416
18,14,h,5,-,413
18,14,h,6,-,959
18,14,h,7,-,480
18,14,h,8,-,1444
18,14,h,?,1,3940
18,18,c,0,-,456
18,18,c,1,-,526
18,18,c,2,-,473
18,18,c,3,-,878
18,18,c,4,-,685
18,18,c,5,-,465
18,18,c,6,-,475
18,18,c,7,-,423
18,18,c,8,-,2292
18,18,c,?,1,1606
18,5,f,0,-,502
18,5,f,1,-,479
18,5,f,2,-,477
18,5,f,3,-,424
18,5,f,4,-,585
18,5,f,5,-,437
18,5,f,6,-,437
18,5,f,7,-,464
18,5,f,8,-,1028
18,5,f,?,1,2080
18,20,e,0,-,556
18,20,e,1,-,395
18,20,e,2,-,554
18,20,e,3,-,769
18,20,e,4,-,414
18,20,e,5,-,520
18,20,e,6,-,351
18,20,e,7,-,420
18,20,e,8,-,445
18,20,e,?,1,1536
18,21,f,0,-,507
18,21,f,1,-,568
18,21,f,2,-,426
18,21,f,3,-,1013
18,21,f,4,-,1193
18,21,f,5,-,479
18,21,f,6,-,315
18,21,f,7,-,532
18,21,f,8,-,1079
18,21,f,?,1,1466
18,10,c,0,-,666
18,10,c,1,-,1016
18,10,c,2,-,503
18,10,c,3,-,662
18,10,c,4,-,506
18,10,c,5,-,552
18,10,c,6,-,425
18,10,c,7,-,457
18,10,c,8,-,1389
18,10,c,?,0,1827
18,11,d,0,-,487
18,11,d,1,-,554
18,11,d,2,-,448
18,11,d,3,-,556
18,11,d,4,-,671
18,11,d,5,-,630
18,11,d,6,-,499
18,11,d,7,-,1370
18,11,d,8,-,1675
18,11,d,?,1,1632
18,8,b,0,-,745
18,8,b,1,-,388
18,8,b,2,-,300
18,8,b,3,-,434
18,8,b,4,-,436
18,8,b,5,-,415
18,8,b,6,-,561
18,8,b,7,-,347
18,8,b,8,-,570
18,8,b,?,1,1459
18,15,g,0,-,605
18,15,g,1,-,342
18,15,g,2,-,297
18,15,g,3,-,454
18,15,g,4,-,668
18,15,g,5,-,385
18,15,g,6,-,330
18,15,g,7,-,402
18,15,g,8,-,509
18,15,g,?,1,1375
18,6,h,0,-,514
18,6,h,1,-,418
18,6,h,2,-,396
18,6,h,3,-,424
18,6,h,4,-,759
18,6,h,5,-,410
18,6,h,6,-,279
18,6,h,7,-,404
18,6,h,8,-,1305
18,6,h,?,1,1701
18,1,a,0,-,346
18,1,a,1,-,352
18,1,a,2,-,294
18,1,a,3,-,368
18,1,a,4,-,572
18,1,a,5,-,410
18,1,a,6,-,304
18,1,a,7,-,373
18,1,a,8,-,554
18,1,a,?,1,1511
18,4,e,0,-,487
18,4,e,1,-,261
18,4,e,2,-,221
18,4,e,3,-,729
18,4,e,4,-,315
18,4,e,5,-,303
18,4,e,6,-,277
18,4,e,7,-,293
18,4,e,8,-,492
18,4,e,?,1,1526
18,3,d,0,-,388
18,3,d,1,-,269
18,3,d,2,-,270
18,3,d,3,-,436
18,3,d,4,-,335
18,3,d,5,-,524
18,3,d,6,-,296
18,3,d,7,-,271
18,3,d,8,-,665
18,3,d,?,1,4379
18,9,a,0,-,371
18,9,a,1,-,319
18,9,a,2,-,322
18,9,a,3,-,429
18,9,a,4,-,512
18,9,a,5,-,411
18,9,a,6,-,310
18,9,a,7,-,257
18,9,a,8,-,329
18,9,a,?,1,2684
18,7,g,0,-,462
18,7,g,1,-,291
18,7,g,2,-,291
18,7,g,3,-,1638
18,7,g,4,-,409
18,7,g,5,-,386
18,7,g,6,-,300
18,7,g,7,-,287
18,7,g,8,-,580
18,7,g,?,0,1166
18,19,d,0,-,446
18,19,d,1,-,389
18,19,d,2,-,527
18,19,d,3,-,913
18,19,d,4,-,415
18,19,d,5,-,308
18,19,d,6,-,301
18,19,d,7,-,568
18,19,d,8,-,1492
18,19,d,?,1,2082
18,2,c,0,-,485
18,2,c,1,-,359
18,2,c,2,-,481
18,2,c,3,-,1104
18,2,c,4,-,446
18,2,c,5,-,352
18,2,c,6,-,437
18,2,c,7,-,1061
18,2,c,8,-,1103
18,2,c,?,1,1977
18,17,a,0,-,461
18,17,a,1,-,286
18,17,a,2,-,356
18,17,a,3,-,556
18,17,a,4,-,391
18,17,a,5,-,314
18,17,a,6,-,273
18,17,a,7,-,336
18,17,a,8,-,553
18,17,a,?,1,1817
18,13,f,0,-,390
18,13,f,1,-,281
18,13,f,2,-,275
18,13,f,3,-,321
18,13,f,4,-,491
18,13,f,5,-,389
18,13,f,6,-,281
18,13,f,7,-,537
18,13,f,8,-,466
18,13,f,?,1,3649
18,12,e,0,-,286
18,12,e,1,-,288
18,12,e,2,-,268
18,12,e,3,-,277
18,12,e,4,-,561
18,12,e,5,-,279
18,12,e,6,-,300
18,12,e,7,-,311
18,12,e,8,-,532
18,12,e,?,1,1729
18,16,b,0,-,423
18,16,b,1,-,288
18,16,b,2,-,294
18,16,b,3,-,271
18,16,b,4,-,252
18,16,b,5,-,337
18,16,b,6,-,246
18,16,b,7,-,256
18,16,b,8,-,383
18,16,b,?,1,4152
19,11,e,0,-,426
19,11,e,1,-,423
19,11,e,2,-,464
19,11,e,3,-,586
19,11,e,4,-,502
19,11,e,5,-,454
19,11,e,6,-,538
19,11,e,7,-,442
19,11,e,8,-,733
19,11,e,?,1,1077
19,1,c,0,-,418
19,1,c,1,-,487
19,1,c,2,-,557
19,1,c,3,-,607
19,1,c,4,-,529
19,1,c,5,-,504
19,1,c,6,-,530
19,1,c,7,-,598
19,1,c,8,-,1011
19,1,c,?,1,1430
19,6,g,0,-,300
19,6,g,1,-,384
19,6,g,2,-,411
19,6,g,3,-,456
19,6,g,4,-,427
19,6,g,5,-,444
19,6,g,6,-,450
19,6,g,7,-,420
19,6,g,8,-,637
19,6,g,?,1,1020
19,15,b,0,-,401
19,15,b,1,-,374
19,15,b,2,-,422
19,15,b,3,-,519
19,15,b,4,-,539
19,15,b,5,-,370
19,15,b,6,-,469
19,15,b,7,-,373
19,15,b,8,-,503
19,15,b,?,1,707
19,9,c,0,-,372
19,9,c,1,-,486
19,9,c,2,-,371
19,9,c,3,-,545
19,9,c,4,-,420
19,9,c,5,-,456
19,9,c,6,-,433
19,9,c,7,-,446
19,9,c,8,-,554
19,9,c,?,1,811
19,18,d,0,-,433
19,18,d,1,-,361
19,18,d,2,-,466
19,18,d,3,-,542
19,18,d,4,-,431
19,18,d,5,-,466
19,18,d,6,-,471
19,18,d,7,-,471
19,18,d,8,-,594
19,18,d,?,1,994
19,14,g,0,-,403
19,14,g,1,-,551
19,14,g,2,-,435
19,14,g,3,-,505
19,14,g,4,-,450
19,14,g,5,-,490
19,14,g,6,-,526
19,14,g,7,-,476
19,14,g,8,-,472
19,14,g,?,1,1549
19,4,f,0,-,373
19,4,f,1,-,393
19,4,f,2,-,404
19,4,f,3,-,367
19,4,f,4,-,416
19,4,f,5,-,399
19,4,f,6,-,394
19,4,f,7,-,430
19,4,f,8,-,452
19,4,f,?,1,908
19,21,h,0,-,362
19,21,h,1,-,398
19,21,h,2,-,372
19,21,h,3,-,410
19,21,h,4,-,395
19,21,h,5,-,397
19,21,h,6,-,439
19,21,h,7,-,386
19,21,h,8,-,526
19,21,h,?,1,799
19,2,d,0,-,410
19,2,d,1,-,426
19,2,d,2,-,417
19,2,d,3,-,432
19,2,d,4,-,426
19,2,d,5,-,379
19,2,d,6,-,442
19,2,d,7,-,413
19,2,d,8,-,858
19,2,d,?,1,972
19,13,h,0,-,379
19,13,h,1,-,393
19,13,h,2,-,427
19,13,h,3,-,408
19,13,h,4,-,376
19,13,h,5,-,441
19,13,h,6,-,332
19,13,h,7,-,425
19,13,h,8,-,707
19,13,h,?,1,954
19,3,e,0,-,444
19,3,e,1,-,530
19,3,e,2,-,476
19,3,e,3,-,447
19,3,e,4,-,562
19,3,e,5,-,463
19,3,e,6,-,532
19,3,e,7,-,473
19,3,e,8,-,565
19,3,e,?,1,1130
19,8,a,0,-,421
19,8,a,1,-,368
19,8,a,2,-,409
19,8,a,3,-,475
19,8,a,4,-,494
19,8,a,5,-,418
19,8,a,6,-,470
19,8,a,7,-,453
19,8,a,8,-,684
19,8,a,?,1,833
19,20,f,0,-,408
19,20,f,1,-,440
19,20,f,2,-,473
19,20,f,3,-,491
19,20,f,4,-,527
19,20,f,5,-,413
19,20,f,6,-,402
19,20,f,7,-,464
19,20,f,8,-,570
19,20,f,?,1,1178
19,17,c,0,-,455
19,17,c,1,-,521
19,17,c,2,-,348
19,17,c,3,-,463
19,17,c,4,-,434
19,17,c,5,-,426
19,17,c,6,-,469
19,17,c,7,-,698
19,17,c,8,-,701
19,17,c,?,1,2150
19,12,f,0,-,373
19,12,f,1,-,417
19,12,f,2,-,464
19,12,f,3,-,613
19,12,f,4,-,393
19,12,f,5,-,459
19,12,f,6,-,478
19,12,f,7,-,492
19,12,f,8,-,672
19,12,f,?,1,1351
19,5,h,0,-,408
19,5,h,1,-,413
19,5,h,2,-,441
19,5,h,3,-,559
19,5,h,4,-,423
19,5,h,5,-,452
19,5,h,6,-,492
19,5,h,7,-,633
19,5,h,8,-,667
19,5,h,?,1,1290
19,10,d,0,-,394
19,10,d,1,-,391
19,10,d,2,-,510
19,10,d,3,-,543
19,10,d,4,-,510
19,10,d,5,-,474
19,10,d,6,-,645
19,10,d,7,-,510
19,10,d,8,-,748
19,10,d,?,1,1003
19,16,a,0,-,401
19,16,a,1,-,381
19,16,a,2,-,369
19,16,a,3,-,486
19,16,a,4,-,462
19,16,a,5,-,433
19,16,a,6,-,443
19,16,a,7,-,429
19,16,a,8,-,545
19,16,a,?,1,1102
19,7,b,0,-,369
19,7,b,1,-,390
19,7,b,2,-,389
19,7,b,3,-,436
19,7,b,4,-,523
19,7,b,5,-,458
19,7,b,6,-,403
19,7,b,7,-,447
19,7,b,8,-,534
19,7,b,?,1,979
19,19,e,0,-,375
19,19,e,1,-,479
19,19,e,2,-,419
19,19,e,3,-,457
19,19,e,4,-,395
19,19,e,5,-,453
19,19,e,6,-,502
19,19,e,7,-,451
19,19,e,8,-,865
19,19,e,?,1,1183
2,5,f,0,-,419
2,5,f,1,-,460
2,5,f,2,-,465
2,5,f,3,-,699
2,5,f,4,-,631
2,5,f,5,-,427
2,5,f,6,-,459
2,5,f,7,-,406
2,5,f,8,-,532
2,5,f,?,1,1716
2,17,a,0,-,444
2,17,a,1,-,537
2,17,a,2,-,424
2,17,a,3,-,437
2,17,a,4,-,501
2,17,a,5,-,391
2,17,a,6,-,504
2,17,a,7,-,383
2,17,a,8,-,1006
2,17,a,?,1,3281
2,4,e,0,-,427
2,4,e,1,-,435
2,4,e,2,-,604
2,4,e,3,-,1020
2,4,e,4,-,591
2,4,e,5,-,414
2,4,e,6,-,401
2,4,e,7,-,831
2,4,e,8,-,534
2,4,e,?,1,2016
2,10,c,0,-,404
2,10,c,1,-,482
2,10,c,2,-,443
2,10,c,3,-,772
2,10,c,4,-,436
2,10,c,5,-,410
2,10,c,6,-,414
2,10,c,7,-,396
2,10,c,8,-,696
2,10,c,?,1,1853
2,12,e,0,-,397
2,12,e,1,-,396
2,12,e,2,-,486
2,12,e,3,-,941
2,12,e,4,-,398
2,12,e,5,-,460
2,12,e,6,-,470
2,12,e,7,-,471
2,12,e,8,-,583
2,12,e,?,1,3010
2,20,e,0,-,460
2,20,e,1,-,543
2,20,e,2,-,472
2,20,e,3,-,1328
2,20,e,4,-,582
2,20,e,5,-,596
2,20,e,6,-,479
2,20,e,7,-,421
2,20,e,8,-,765
2,20,e,?,1,1548
2,2,c,0,-,476
2,2,c,1,-,478
2,2,c,2,-,565
2,2,c,3,-,634
2,2,c,4,-,455
2,2,c,5,-,429
2,2,c,6,-,455
2,2,c,7,-,756
2,2,c,8,-,2110
2,2,c,?,1,3268
2,8,b,0,-,430
2,8,b,1,-,422
2,8,b,2,-,395
2,8,b,3,-,830
2,8,b,4,-,977
2,8,b,5,-,527
2,8,b,6,-,939
2,8,b,7,-,571
2,8,b,8,-,591
2,8,b,?,1,953
2,15,g,0,-,388
2,15,g,1,-,401
2,15,g,2,-,413
2,15,g,3,-,436
2,15,g,4,-,565
2,15,g,5,-,366
2,15,g,6,-,524
2,15,g,7,-,343
2,15,g,8,-,694
2,15,g,?,1,1447
2,9,a,0,-,356
2,9,a,1,-,522
2,9,a,2,-,430
2,9,a,3,-,2214
2,9,a,4,-,1354
2,9,a,5,-,857
2,9,a,6,-,901
2,9,a,7,-,750
2,9,a,8,-,1352
2,9,a,?,1,1229
2,19,d,0,-,338
2,19,d,1,-,295
2,19,d,2,-,347
2,19,d,3,-,308
2,19,d,4,-,527
2,19,d,5,-,303
2,19,d,6,-,461
2,19,d,7,-,330
2,19,d,8,-,545
2,19,d,?,0,2255
2,7,g,0,-,250
2,7,g,1,-,243
2,7,g,2,-,273
2,7,g,3,-,241
2,7,g,4,-,1036
2,7,g,5,-,342
2,7,g,6,-,372
2,7,g,7,-,307
2,7,g,8,-,519
2,7,g,?,0,1782
2,11,d,0,-,273
2,11,d,1,-,274
2,11,d,2,-,287
2,11,d,3,-,329
2,11,d,4,-,417
2,11,d,5,-,295
2,11,d,6,-,302
2,11,d,7,-,479
2,11,d,8,-,2095
2,11,d,?,1,1201
2,3,d,0,-,327
2,3,d,1,-,371
2,3,d,2,-,373
2,3,d,3,-,357
2,3,d,4,-,570
2,3,d,5,-,373
2,3,d,6,-,399
2,3,d,7,-,2449
2,3,d,8,-,442
2,3,d,?,1,1374
2,18,c,0,-,236
2,18,c,1,-,426
2,18,c,2,-,331
2,18,c,3,-,782
2,18,c,4,-,437
2,18,c,5,-,390
2,18,c,6,-,356
2,18,c,7,-,336
2,18,c,8,-,438
2,18,c,?,1,2103
2,6,h,0,-,362
2,6,h,1,-,313
2,6,h,2,-,287
2,6,h,3,-,444
2,6,h,4,-,589
2,6,h,5,-,455
2,6,h,6,-,365
2,6,h,7,-,677
2,6,h,8,-,714
2,6,h,?,1,2241
2,21,f,0,-,269
2,21,f,1,-,957
2,21,f,2,-,664
2,21,f,3,-,612
2,21,f,4,-,234
2,21,f,5,-,304
2,21,f,6,-,590
2,21,f,7,-,406
2,21,f,8,-,411
2,21,f,?,1,1021
2,16,b,0,-,241
2,16,b,1,-,431
2,16,b,2,-,309
2,16,b,3,-,410
2,16,b,4,-,272
2,16,b,5,-,325
2,16,b,6,-,321
2,16,b,7,-,772
2,16,b,8,-,952
2,16,b,?,1,1480
2,13,f,0,-,347
2,13,f,1,-,377
2,13,f,2,-,466
2,13,f,3,-,329
2,13,f,4,-,389
2,13,f,5,-,370
2,13,f,6,-,292
2,13,f,7,-,406
2,13,f,8,-,428
2,13,f,?,1,882
2,14,h,0,-,369
2,14,h,1,-,356
2,14,h,2,-,330
2,14,h,3,-,348
2,14,h,4,-,311
2,14,h,5,-,321
2,14,h,6,-,399
2,14,h,7,-,460
2,14,h,8,-,663
2,14,h,?,1,3279
2,1,a,0,-,312
2,1,a,1,-,285
2,1,a,2,-,286
2,1,a,3,-,298
2,1,a,4,-,437
2,1,a,5,-,289
2,1,a,6,-,227
2,1,a,7,-,379
2,1,a,8,-,511
2,1,a,?,1,932
20,20,h,0,-,413
20,20,h,1,-,358
20,20,h,2,-,394
20,20,h,3,-,384
20,20,h,4,-,507
20,20,h,5,-,428
20,20,h,6,-,526
20,20,h,7,-,637
20,20,h,8,-,1258
20,20,h,?,1,1691
20,19,f,0,-,451
20,19,f,1,-,475
20,19,f,2,-,394
20,19,f,3,-,880
20,19,f,4,-,433
20,19,f,5,-,417
20,19,f,6,-,516
20,19,f,7,-,480
20,19,f,8,-,864
20,19,f,?,1,2190
20,21,g,0,-,308
20,21,g,1,-,311
20,21,g,2,-,299
20,21,g,3,-,358
20,21,g,4,-,692
20,21,g,5,-,375
20,21,g,6,-,415
20,21,g,7,-,371
20,21,g,8,-,506
20,21,g,?,1,1663
20,17,d,0,-,363
20,17,d,1,-,286
20,17,d,2,-,312
20,17,d,3,-,466
20,17,d,4,-,325
20,17,d,5,-,316
20,17,d,6,-,312
20,17,d,7,-,347
20,17,d,8,-,822
20,17,d,?,1,3397
20,15,a,0,-,276
20,15,a,1,-,306
20,15,a,2,-,301
20,15,a,3,-,402
20,15,a,4,-,379
20,15,a,5,-,306
20,15,a,6,-,330
20,15,a,7,-,376
20,15,a,8,-,1022
20,15,a,?,1,1410
20,7,a,0,-,293
20,7,a,1,-,312
20,7,a,2,-,337
20,7,a,3,-,369
20,7,a,4,-,526
20,7,a,5,-,339
20,7,a,6,-,870
20,7,a,7,-,500
20,7,a,8,-,660
20,7,a,?,1,1920
20,4,h,0,-,268
20,4,h,1,-,315
20,4,h,2,-,310
20,4,h,3,-,371
20,4,h,4,-,561
20,4,h,5,-,597
20,4,h,6,-,434
20,4,h,7,-,447
20,4,h,8,-,655
20,4,h,?,1,1907
20,16,c,0,-,398
20,16,c,1,-,295
20,16,c,2,-,263
20,16,c,3,-,354
20,16,c,4,-,473
20,16,c,5,-,345
20,16,c,6,-,315
20,16,c,7,-,569
20,16,c,8,-,522
20,16,c,?,1,2084
20,10,e,0,-,337
20,10,e,1,-,412
20,10,e,2,-,331
20,10,e,3,-,317
20,10,e,4,-,517
20,10,e,5,-,231
20,10,e,6,-,321
20,10,e,7,-,345
20,10,e,8,-,463
20,10,e,?,1,2435
20,3,f,0,-,314
20,3,f,1,-,238
20,3,f,2,-,303
20,3,f,3,-,700
20,3,f,4,-,395
20,3,f,5,-,296
20,3,f,6,-,275
20,3,f,7,-,293
20,3,f,8,-,494
20,3,f,?,1,1585
20,18,e,0,-,273
20,18,e,1,-,260
20,18,e,2,-,265
20,18,e,3,-,258
20,18,e,4,-,545
20,18,e,5,-,433
20,18,e,6,-,470
20,18,e,7,-,426
20,18,e,8,-,491
20,18,e,?,1,1567
20,12,h,0,-,234
20,12,h,1,-,260
20,12,h,2,-,206
20,12,h,3,-,266
20,12,h,4,-,326
20,12,h,5,-,268
20,12,h,6,-,274
20,12,h,7,-,223
20,12,h,8,-,501
20,12,h,?,1,2316
20,2,e,0,-,250
20,2,e,1,-,228
20,2,e,2,-,216
20,2,e,3,-,221
20,2,e,4,-,534
20,2,e,5,-,417
20,2,e,6,-,348
20,2,e,7,-,310
20,2,e,8,-,504
20,2,e,?,1,1394
20,5,g,0,-,265
20,5,g,1,-,222
20,5,g,2,-,276
20,5,g,3,-,244
20,5,g,4,-,374
20,5,g,5,-,291
20,5,g,6,-,370
20,5,g,7,-,325
20,5,g,8,-,687
20,5,g,?,1,3604
20,13,g,0,-,297
20,13,g,1,-,269
20,13,g,2,-,321
20,13,g,3,-,241
20,13,g,4,-,384
20,13,g,5,-,304
20,13,g,6,-,352
20,13,g,7,-,304
20,13,g,8,-,336
20,13,g,?,1,1595
20,6,b,0,-,299
20,6,b,1,-,329
20,6,b,2,-,295
20,6,b,3,-,353
20,6,b,4,-,475
20,6,b,5,-,391
20,6,b,6,-,452
20,6,b,7,-,403
20,6,b,8,-,627
20,6,b,?,1,2155
20,1,d,0,-,230
20,1,d,1,-,324
20,1,d,2,-,271
20,1,d,3,-,307
20,1,d,4,-,399
20,1,d,5,-,273
20,1,d,6,-,282
20,1,d,7,-,360
20,1,d,8,-,444
20,1,d,?,1,1839
20,14,b,0,-,286
20,14,b,1,-,247
20,14,b,2,-,222
20,14,b,3,-,230
20,14,b,4,-,435
20,14,b,5,-,325
20,14,b,6,-,317
20,14,b,7,-,241
20,14,b,8,-,464
20,14,b,?,1,3371
20,11,f,0,-,298
20,11,f,1,-,281
20,11,f,2,-,273
20,11,f,3,-,281
20,11,f,4,-,405
20,11,f,5,-,273
20,11,f,6,-,258
20,11,f,7,-,354
20,11,f,8,-,413
20,11,f,?,1,1010
20,8,c,0,-,246
20,8,c,1,-,250
20,8,c,2,-,215
20,8,c,3,-,245
20,8,c,4,-,233
20,8,c,5,-,269
20,8,c,6,-,207
20,8,c,7,-,295
20,8,c,8,-,569
20,8,c,?,1,1237
20,9,d,0,-,264
20,9,d,1,-,216
20,9,d,2,-,230
20,9,d,3,-,202
20,9,d,4,-,226
20,9,d,5,-,274
20,9,d,6,-,262
20,9,d,7,-,216
20,9,d,8,-,544
20,9,d,?,1,1066
21,8,d,0,-,484
21,8,d,1,-,561
21,8,d,2,-,538
21,8,d,3,-,526
21,8,d,4,-,486
21,8,d,5,-,407
21,8,d,6,-,454
21,8,d,7,-,1260
21,8,d,8,-,1852
21,8,d,?,1,1539
21,12,g,0,-,577
21,12,g,1,-,455
21,12,g,2,-,403
21,12,g,3,-,662
21,12,g,4,-,728
21,12,g,5,-,416
21,12,g,6,-,794
21,12,g,7,-,726
21,12,g,8,-,1457
21,12,g,?,1,4060
21,10,f,0,-,599
21,10,f,1,-,861
21,10,f,2,-,675
21,10,f,3,-,1482
21,10,f,4,-,487
21,10,f,5,-,483
21,10,f,6,-,648
21,10,f,7,-,1283
21,10,f,8,-,898
21,10,f,?,1,2926
21,2,f,0,-,482
21,2,f,1,-,531
21,2,f,2,-,500
21,2,f,3,-,943
21,2,f,4,-,435
21,2,f,5,-,396
21,2,f,6,-,499
21,2,f,7,-,506
21,2,f,8,-,648
21,2,f,?,1,5748
21,3,h,0,-,419
21,3,h,1,-,422
21,3,h,2,-,507
21,3,h,3,-,1449
21,3,h,4,-,799
21,3,h,5,-,401
21,3,h,6,-,370
21,3,h,7,-,699
21,3,h,8,-,825
21,3,h,?,1,1901
21,13,b,0,-,383
21,13,b,1,-,358
21,13,b,2,-,334
21,13,b,3,-,608
21,13,b,4,-,382
21,13,b,5,-,368
21,13,b,6,-,432
21,13,b,7,-,799
21,13,b,8,-,630
21,13,b,?,1,1701
21,15,c,0,-,366
21,15,c,1,-,317
21,15,c,2,-,493
21,15,c,3,-,1186
21,15,c,4,-,378
21,15,c,5,-,392
21,15,c,6,-,444
21,15,c,7,-,399
21,15,c,8,-,589
21,15,c,?,1,1396
21,16,d,0,-,330
21,16,d,1,-,371
21,16,d,2,-,456
21,16,d,3,-,553
21,16,d,4,-,372
21,16,d,5,-,285
21,16,d,6,-,374
21,16,d,7,-,403
21,16,d,8,-,547
21,16,d,?,1,1209
21,11,h,0,-,267
21,11,h,1,-,369
21,11,h,2,-,339
21,11,h,3,-,395
21,11,h,4,-,431
21,11,h,5,-,356
21,11,h,6,-,241
21,11,h,7,-,411
21,11,h,8,-,638
21,11,h,?,1,1261
21,20,g,0,-,261
21,20,g,1,-,363
21,20,g,2,-,356
21,20,g,3,-,502
21,20,g,4,-,677
21,20,g,5,-,337
21,20,g,6,-,289
21,20,g,7,-,351
21,20,g,8,-,337
21,20,g,?,1,1586
21,1,e,0,-,293
21,1,e,1,-,402
21,1,e,2,-,520
21,1,e,3,-,1249
21,1,e,4,-,520
21,1,e,5,-,432
21,1,e,6,-,353
21,1,e,7,-,393
21,1,e,8,-,405
21,1,e,?,1,959
21,5,b,0,-,417
21,5,b,1,-,387
21,5,b,2,-,325
21,5,b,3,-,376
21,5,b,4,-,493
21,5,b,5,-,311
21,5,b,6,-,676
21,5,b,7,-,523
21,5,b,8,-,520
21,5,b,?,1,2267
21,14,a,0,-,360
21,14,a,1,-,414
21,14,a,2,-,553
21,14,a,3,-,714
21,14,a,4,-,368
21,14,a,5,-,382
21,14,a,6,-,277
21,14,a,7,-,416
21,14,a,8,-,480
21,14,a,?,1,2190
21,19,h,0,-,303
21,19,h,1,-,370
21,19,h,2,-,433
21,19,h,3,-,1365
21,19,h,4,-,672
21,19,h,5,-,308
21,19,h,6,-,357
21,19,h,7,-,462
21,19,h,8,-,856
21,19,h,?,1,1942
21,18,f,0,-,338
21,18,f,1,-,343
21,18,f,2,-,312
21,18,f,3,-,1279
21,18,f,4,-,484
21,18,f,5,-,383
21,18,f,6,-,377
21,18,f,7,-,696
21,18,f,8,-,517
21,18,f,?,1,828
21,17,e,0,-,319
21,17,e,1,-,274
21,17,e,2,-,350
21,17,e,3,-,298
21,17,e,4,-,317
21,17,e,5,-,290
21,17,e,6,-,320
21,17,e,7,-,308
21,17,e,8,-,763
21,17,e,?,1,1626
21,6,a,0,-,275
21,6,a,1,-,276
21,6,a,2,-,290
21,6,a,3,-,290
21,6,a,4,-,437
21,6,a,5,-,314
21,6,a,6,-,242
21,6,a,7,-,277
21,6,a,8,-,397
21,6,a,?,1,1148
21,21,b,0,-,559
21,21,b,1,-,350
21,21,b,2,-,564
21,21,b,3,-,345
21,21,b,4,-,411
21,21,b,5,-,338
21,21,b,6,-,335
21,21,b,7,-,472
21,21,b,8,-,1004
21,21,b,?,1,724
21,7,c,0,-,290
21,7,c,1,-,308
21,7,c,2,-,242
21,7,c,3,-,340
21,7,c,4,-,421
21,7,c,5,-,261
21,7,c,6,-,293
21,7,c,7,-,429
21,7,c,8,-,447
21,7,c,?,1,1504
21,9,e,0,-,273
21,9,e,1,-,279
21,9,e,2,-,352
21,9,e,3,-,327
21,9,e,4,-,1169
21,9,e,5,-,279
21,9,e,6,-,403
21,9,e,7,-,470
21,9,e,8,-,640
21,9,e,?,1,824
22,19,g,0,-,507
22,19,g,1,-,638
22,19,g,2,-,556
22,19,g,3,-,797
22,19,g,4,-,545
22,19,g,5,-,535
22,19,g,6,-,626
22,19,g,7,-,380
22,19,g,8,-,1008
22,19,g,?,1,1834
22,2,h,0,-,380
22,2,h,1,-,422
22,2,h,2,-,395
22,2,h,3,-,944
22,2,h,4,-,485
22,2,h,5,-,428
22,2,h,6,-,528
22,2,h,7,-,707
22,2,h,8,-,697
22,2,h,?,0,1996
22,10,h,0,-,402
22,10,h,1,-,418
22,10,h,2,-,450
22,10,h,3,-,927
22,10,h,4,-,354
22,10,h,5,-,407
22,10,h,6,-,473
22,10,h,7,-,449
22,10,h,8,-,532
22,10,h,?,1,2360
22,4,b,0,-,371
22,4,b,1,-,484
22,4,b,2,-,453
22,4,b,3,-,572
22,4,b,4,-,370
22,4,b,5,-,387
22,4,b,6,-,431
22,4,b,7,-,418
22,4,b,8,-,553
22,4,b,?,1,1862
22,8,e,0,-,357
22,8,e,1,-,303
22,8,e,2,-,410
22,8,e,3,-,415
22,8,e,4,-,400
22,8,e,5,-,405
22,8,e,6,-,451
22,8,e,7,-,402
22,8,e,8,-,702
22,8,e,?,1,1403
22,15,d,0,-,828
22,15,d,1,-,507
22,15,d,2,-,511
22,15,d,3,-,1398
22,15,d,4,-,532
22,15,d,5,-,467
22,15,d,6,-,913
22,15,d,7,-,450
22,15,d,8,-,513
22,15,d,?,1,3169
22,17,f,0,-,447
22,17,f,1,-,547
22,17,f,2,-,430
22,17,f,3,-,584
22,17,f,4,-,410
22,17,f,5,-,430
22,17,f,6,-,390
22,17,f,7,-,1266
22,17,f,8,-,461
22,17,f,?,1,5347
22,9,f,0,-,371
22,9,f,1,-,445
22,9,f,2,-,451
22,9,f,3,-,1196
22,9,f,4,-,415
22,9,f,5,-,410
22,9,f,6,-,412
22,9,f,7,-,1542
22,9,f,8,-,639
22,9,f,?,1,1523
22,7,d,0,-,394
22,7,d,1,-,701
22,7,d,2,-,675
22,7,d,3,-,1311
22,7,d,4,-,360
22,7,d,5,-,485
22,7,d,6,-,758
22,7,d,7,-,462
22,7,d,8,-,567
22,7,d,?,1,1192
22,11,g,0,-,351
22,11,g,1,-,351
22,11,g,2,-,429
22,11,g,3,-,433
22,11,g,4,-,439
22,11,g,5,-,422
22,11,g,6,-,389
22,11,g,7,-,713
22,11,g,8,-,569
22,11,g,?,1,1379
22,20,b,0,-,395
22,20,b,1,-,385
22,20,b,2,-,405
22,20,b,3,-,471
22,20,b,4,-,690
22,20,b,5,-,410
22,20,b,6,-,405
22,20,b,7,-,390
22,20,b,8,-,407
22,20,b,?,1,1177
22,6,c,0,-,465
22,6,c,1,-,446
22,6,c,2,-,375
22,6,c,3,-,825
22,6,c,4,-,349
22,6,c,5,-,428
22,6,c,6,-,367
22,6,c,7,-,622
22,6,c,8,-,561
22,6,c,?,1,1573
22,12,b,0,-,426
22,12,b,1,-,405
22,12,b,2,-,414
22,12,b,3,-,570
22,12,b,4,-,353
22,12,b,5,-,392
22,12,b,6,-,378
22,12,b,7,-,386
22,12,b,8,-,473
22,12,b,?,1,1463
22,5,a,0,-,363
22,5,a,1,-,429
22,5,a,2,-,353
22,5,a,3,-,688
22,5,a,4,-,372
22,5,a,5,-,371
22,5,a,6,-,331
22,5,a,7,-,341
22,5,a,8,-,565
22,5,a,?,1,1449
22,18,h,0,-,402
22,18,h,1,-,458
22,18,h,2,-,365
22,18,h,3,-,1634
22,18,h,4,-,390
22,18,h,5,-,422
22,18,h,6,-,444
22,18,h,7,-,813
22,18,h,8,-,586
22,18,h,?,1,1656
22,3,g,0,-,353
22,3,g,1,-,598
22,3,g,2,-,323
22,3,g,3,-,885
22,3,g,4,-,330
22,3,g,5,-,407
22,3,g,6,-,509
22,3,g,7,-,464
22,3,g,8,-,499
22,3,g,?,1,1124
22,16,e,0,-,372
22,16,e,1,-,522
22,16,e,2,-,361
22,16,e,3,-,733
22,16,e,4,-,348
22,16,e,5,-,451
22,16,e,6,-,470
22,16,e,7,-,444
22,16,e,8,-,595
22,16,e,?,1,1398
22,1,f,0,-,465
22,1,f,1,-,461
22,1,f,2,-,494
22,1,f,3,-,993
22,1,f,4,-,328
22,1,f,5,-,363
22,1,f,6,-,405
22,1,f,7,-,468
22,1,f,8,-,374
22,1,f,?,1,1182
22,13,a,0,-,359
22,13,a,1,-,449
22,13,a,2,-,394
22,13,a,3,-,1106
22,13,a,4,-,430
22,13,a,5,-,421
22,13,a,6,-,374
22,13,a,7,-,405
22,13,a,8,-,519
22,13,a,?,1,1707
22,21,a,0,-,379
22,21,a,1,-,384
22,21,a,2,-,496
22,21,a,3,-,670
22,21,a,4,-,488
22,21,a,5,-,405
22,21,a,6,-,410
22,21,a,7,-,391
22,21,a,8,-,507
22,21,a,?,1,1348
22,14,c,0,-,518
22,14,c,1,-,604
22,14,c,2,-,574
22,14,c,3,-,475
22,14,c,4,-,331
22,14,c,5,-,465
22,14,c,6,-,317
22,14,c,7,-,461
22,14,c,8,-,372
22,14,c,?,0,3297
23,4,a,0,-,380
23,4,a,1,-,675
23,4,a,2,-,550
23,4,a,3,-,671
23,4,a,4,-,462
23,4,a,5,-,415
23,4,a,6,-,517
23,4,a,7,-,823
23,4,a,8,-,1714
23,4,a,?,1,2416
23,1,h,0,-,405
23,1,h,1,-,384
23,1,h,2,-,484
23,1,h,3,-,1558
23,1,h,4,-,441
23,1,h,5,-,508
23,1,h,6,-,986
23,1,h,7,-,948
23,1,h,8,-,2969
23,1,h,?,1,2122
23,18,g,0,-,379
23,18,g,1,-,417
23,18,g,2,-,420
23,18,g,3,-,1768
23,18,g,4,-,461
23,18,g,5,-,451
23,18,g,6,-,624
23,18,g,7,-,586
23,18,g,8,-,704
23,18,g,?,1,1761
23,6,d,0,-,368
23,6,d,1,-,365
23,6,d,2,-,470
23,6,d,3,-,1063
23,6,d,4,-,439
23,6,d,5,-,523
23,6,d,6,-,1124
23,6,d,7,-,2949
23,6,d,8,-,1817
23,6,d,?,1,2941
23,2,g,0,-,339
23,2,g,1,-,357
23,2,g,2,-,692
23,2,g,3,-,1543
23,2,g,4,-,389
23,2,g,5,-,351
23,2,g,6,-,813
23,2,g,7,-,2427
23,2,g,8,-,793
23,2,g,?,1,1441
23,10,g,0,-,360
23,10,g,1,-,285
23,10,g,2,-,360
23,10,g,3,-,1460
23,10,g,4,-,413
23,10,g,5,-,623
23,10,g,6,-,666
23,10,g,7,-,896
23,10,g,8,-,699
23,10,g,?,1,3055
23,19,b,0,-,366
23,19,b,1,-,290
23,19,b,2,-,334
23,19,b,3,-,644
23,19,b,4,-,394
23,19,b,5,-,305
23,19,b,6,-,537
23,19,b,7,-,1883
23,19,b,8,-,494
23,19,b,?,1,1271
23,5,c,0,-,348
23,5,c,1,-,286
23,5,c,2,-,442
23,5,c,3,-,1012
23,5,c,4,-,420
23,5,c,5,-,323
23,5,c,6,-,644
23,5,c,7,-,417
23,5,c,8,-,881
23,5,c,?,1,1588
23,12,a,0,-,498
23,12,a,1,-,641
23,12,a,2,-,749
23,12,a,3,-,989
23,12,a,4,-,400
23,12,a,5,-,438
23,12,a,6,-,742
23,12,a,7,-,432
23,12,a,8,-,702
23,12,a,?,0,2245
23,11,b,0,-,594
23,11,b,1,-,320
23,11,b,2,-,369
23,11,b,3,-,398
23,11,b,4,-,427
23,11,b,5,-,326
23,11,b,6,-,353
23,11,b,7,-,440
23,11,b,8,-,589
23,11,b,?,1,1088
23,15,e,0,-,360
23,15,e,1,-,289
23,15,e,2,-,333
23,15,e,3,-,339
23,15,e,4,-,497
23,15,e,5,-,375
23,15,e,6,-,430
23,15,e,7,-,420
23,15,e,8,-,535
23,15,e,?,1,1247
23,17,h,0,-,332
23,17,h,1,-,301
23,17,h,2,-,354
23,17,h,3,-,340
23,17,h,4,-,1067
23,17,h,5,-,304
23,17,h,6,-,286
23,17,h,7,-,594
23,17,h,8,-,1941
23,17,h,?,1,5702
23,21,c,0,-,310
23,21,c,1,-,234
23,21,c,2,-,230
23,21,c,3,-,389
23,21,c,4,-,421
23,21,c,5,-,361
23,21,c,6,-,354
23,21,c,7,-,471
23,21,c,8,-,581
23,21,c,?,1,1147
23,3,b,0,-,321
23,3,b,1,-,290
23,3,b,2,-,269
23,3,b,3,-,361
23,3,b,4,-,470
23,3,b,5,-,361
23,3,b,6,-,499
23,3,b,7,-,341
23,3,b,8,-,457
23,3,b,?,1,906
23,14,d,0,-,329
23,14,d,1,-,274
23,14,d,2,-,290
23,14,d,3,-,354
23,14,d,4,-,320
23,14,d,5,-,318
23,14,d,6,-,334
23,14,d,7,-,472
23,14,d,8,-,991
23,14,d,?,1,2068
23,7,e,0,-,407
23,7,e,1,-,266
23,7,e,2,-,254
23,7,e,3,-,243
23,7,e,4,-,428
23,7,e,5,-,354
23,7,e,6,-,335
23,7,e,7,-,343
23,7,e,8,-,480
23,7,e,?,1,950
23,13,c,0,-,349
23,13,c,1,-,232
23,13,c,2,-,250
23,13,c,3,-,541
23,13,c,4,-,310
23,13,c,5,-,337
23,13,c,6,-,352
23,13,c,7,-,428
23,13,c,8,-,506
23,13,c,?,1,1556
23,8,f,0,-,207
23,8,f,1,-,237
23,8,f,2,-,268
23,8,f,3,-,380
23,8,f,4,-,419
23,8,f,5,-,321
23,8,f,6,-,367
23,8,f,7,-,444
23,8,f,8,-,388
23,8,f,?,1,970
23,9,h,0,-,344
23,9,h,1,-,260
23,9,h,2,-,256
23,9,h,3,-,362
23,9,h,4,-,485
23,9,h,5,-,346
23,9,h,6,-,348
23,9,h,7,-,404
23,9,h,8,-,459
23,9,h,?,1,810
23,16,f,0,-,296
23,16,f,1,-,239
23,16,f,2,-,259
23,16,f,3,-,259
23,16,f,4,-,317
23,16,f,5,-,297
23,16,f,6,-,272
23,16,f,7,-,324
23,16,f,8,-,362
23,16,f,?,1,1147
24,9,g,0,-,518
24,9,g,1,-,644
24,9,g,2,-,637
24,9,g,3,-,1145
24,9,g,4,-,412
24,9,g,5,-,663
24,9,g,6,-,619
24,9,g,7,-,1221
24,9,g,8,-,1346
24,9,g,?,1,3060
24,15,f,0,-,574
24,15,f,1,-,786
24,15,f,2,-,745
24,15,f,3,-,568
24,15,f,4,-,469
24,15,f,5,-,445
24,15,f,6,-,529
24,15,f,7,-,479
24,15,f,8,-,521
24,15,f,?,1,1315
24,8,h,0,-,639
24,8,h,1,-,2663
24,8,h,2,-,666
24,8,h,3,-,2141
24,8,h,4,-,495
24,8,h,5,-,402
24,8,h,6,-,364
24,8,h,7,-,662
24,8,h,8,-,1481
24,8,h,?,1,1732
24,6,e,0,-,417
24,6,e,1,-,568
24,6,e,2,-,1152
24,6,e,3,-,867
24,6,e,4,-,493
24,6,e,5,-,563
24,6,e,6,-,593
24,6,e,7,-,599
24,6,e,8,-,707
24,6,e,?,1,2148
24,14,e,0,-,391
24,14,e,1,-,360
24,14,e,2,-,400
24,14,e,3,-,468
24,14,e,4,-,371
24,14,e,5,-,320
24,14,e,6,-,478
24,14,e,7,-,427
24,14,e,8,-,684
24,14,e,?,1,3803
24,11,a,0,-,398
24,11,a,1,-,558
24,11,a,2,-,441
24,11,a,3,-,372
24,11,a,4,-,319
24,11,a,5,-,333
24,11,a,6,-,379
24,11,a,7,-,345
24,11,a,8,-,389
24,11,a,?,1,977
24,5,d,0,-,431
24,5,d,1,-,544
24,5,d,2,-,414
24,5,d,3,-,440
24,5,d,4,-,385
24,5,d,5,-,374
24,5,d,6,-,339
24,5,d,7,-,441
24,5,d,8,-,626
24,5,d,?,1,1074
24,20,c,0,-,333
24,20,c,1,-,382
24,20,c,2,-,374
24,20,c,3,-,369
24,20,c,4,-,405
24,20,c,5,-,365
24,20,c,6,-,273
24,20,c,7,-,302
24,20,c,8,-,415
24,20,c,?,1,1061
24,16,h,0,-,278
24,16,h,1,-,356
24,16,h,2,-,333
24,16,h,3,-,280
24,16,h,4,-,414
24,16,h,5,-,320
24,16,h,6,-,373
24,16,h,7,-,402
24,16,h,8,-,626
24,16,h,?,0,1045
24,21,d,0,-,296
24,21,d,1,-,317
24,21,d,2,-,329
24,21,d,3,-,291
24,21,d,4,-,512
24,21,d,5,-,304
24,21,d,6,-,300
24,21,d,7,-,340
24,21,d,8,-,489
24,21,d,?,1,706
24,2,b,0,-,310
24,2,b,1,-,379
24,2,b,2,-,346
24,2,b,3,-,452
24,2,b,4,-,463
24,2,b,5,-,305
24,2,b,6,-,349
24,2,b,7,-,277
24,2,b,8,-,510
24,2,b,?,1,1960
24,19,a,0,-,645
24,19,a,1,-,346
24,19,a,2,-,394
24,19,a,3,-,322
24,19,a,4,-,338
24,19,a,5,-,339
24,19,a,6,-,301
24,19,a,7,-,381
24,19,a,8,-,392
24,19,a,?,1,2162
24,17,g,0,-,426
24,17,g,1,-,441
24,17,g,2,-,315
24,17,g,3,-,470
24,17,g,4,-,792
24,17,g,5,-,333
24,17,g,6,-,284
24,17,g,7,-,310
24,17,g,8,-,532
24,17,g,?,1,1705
24,18,b,0,-,290
24,18,b,1,-,434
24,18,b,2,-,381
24,18,b,3,-,354
24,18,b,4,-,382
24,18,b,5,-,315
24,18,b,6,-,357
24,18,b,7,-,326
24,18,b,8,-,401
24,18,b,?,1,1366
24,1,g,0,-,359
24,1,g,1,-,291
24,1,g,2,-,276
24,1,g,3,-,300
24,1,g,4,-,356
24,1,g,5,-,341
24,1,g,6,-,286
24,1,g,7,-,408
24,1,g,8,-,628
24,1,g,?,1,890
24,10,b,0,-,421
24,10,b,1,-,344
24,10,b,2,-,315
24,10,b,3,-,355
24,10,b,4,-,346
24,10,b,5,-,303
24,10,b,6,-,425
24,10,b,7,-,349
24,10,b,8,-,903
24,10,b,?,1,3087
24,4,c,0,-,247
24,4,c,1,-,261
24,4,c,2,-,307
24,4,c,3,-,324
24,4,c,4,-,347
24,4,c,5,-,268
24,4,c,6,-,308
24,4,c,7,-,291
24,4,c,8,-,413
24,4,c,?,1,1715
24,3,a,0,-,379
24,3,a,1,-,375
24,3,a,2,-,519
24,3,a,3,-,364
24,3,a,4,-,489
24,3,a,5,-,457
24,3,a,6,-,559
24,3,a,7,-,550
24,3,a,8,-,453
24,3,a,?,1,812
24,13,d,0,-,306
24,13,d,1,-,375
24,13,d,2,-,312
24,13,d,3,-,344
24,13,d,4,-,339
24,13,d,5,-,328
24,13,d,6,-,377
24,13,d,7,-,365
24,13,d,8,-,342
24,13,d,?,1,895
24,7,f,0,-,393
24,7,f,1,-,279
24,7,f,2,-,278
24,7,f,3,-,298
24,7,f,4,-,401
24,7,f,5,-,360
24,7,f,6,-,345
24,7,f,7,-,433
24,7,f,8,-,369
24,7,f,?,1,1072
25,8,g,0,-,581
25,8,g,1,-,570
25,8,g,2,-,561
25,8,g,3,-,614
25,8,g,4,-,769
25,8,g,5,-,829
25,8,g,6,-,817
25,8,g,7,-,1505
25,8,g,8,-,990
25,8,g,?,1,2571
25,4,d,0,-,607
25,4,d,1,-,660
25,4,d,2,-,765
25,4,d,3,-,1158
25,4,d,4,-,615
25,4,d,5,-,681
25,4,d,6,-,660
25,4,d,7,-,1021
25,4,d,8,-,1124
25,4,d,?,1,5465
25,18,a,0,-,571
25,18,a,1,-,687
25,18,a,2,-,887
25,18,a,3,-,1292
25,18,a,4,-,976
25,18,a,5,-,736
25,18,a,6,-,712
25,18,a,7,-,653
25,18,a,8,-,724
25,18,a,?,1,2675
25,20,d,0,-,546
25,20,d,1,-,724
25,20,d,2,-,628
25,20,d,3,-,617
25,20,d,4,-,706
25,20,d,5,-,583
25,20,d,6,-,588
25,20,d,7,-,862
25,20,d,8,-,789
25,20,d,?,1,2656
25,6,f,0,-,549
25,6,f,1,-,515
25,6,f,2,-,592
25,6,f,3,-,1025
25,6,f,4,-,608
25,6,f,5,-,522
25,6,f,6,-,681
25,6,f,7,-,935
25,6,f,8,-,730
25,6,f,?,1,2060
25,19,c,0,-,513
25,19,c,1,-,559
25,19,c,2,-,594
25,19,c,3,-,913
25,19,c,4,-,694
25,19,c,5,-,706
25,19,c,6,-,599
25,19,c,7,-,2255
25,19,c,8,-,751
25,19,c,?,1,1819
25,10,a,0,-,555
25,10,a,1,-,523
25,10,a,2,-,593
25,10,a,3,-,616
25,10,a,4,-,639
25,10,a,5,-,518
25,10,a,6,-,487
25,10,a,7,-,601
25,10,a,8,-,659
25,10,a,?,1,1783
25,17,b,0,-,563
25,17,b,1,-,558
25,17,b,2,-,598
25,17,b,3,-,722
25,17,b,4,-,670
25,17,b,5,-,719
25,17,b,6,-,820
25,17,b,7,-,836
25,17,b,8,-,690
25,17,b,?,1,2185
25,5,e,0,-,595
25,5,e,1,-,759
25,5,e,2,-,763
25,5,e,3,-,921
25,5,e,4,-,807
25,5,e,5,-,705
25,5,e,6,-,791
25,5,e,7,-,1482
25,5,e,8,-,687
25,5,e,?,1,2205
25,2,a,0,-,522
25,2,a,1,-,580
25,2,a,2,-,737
25,2,a,3,-,843
25,2,a,4,-,849
25,2,a,5,-,593
25,2,a,6,-,560
25,2,a,7,-,810
25,2,a,8,-,1424
25,2,a,?,1,1957
25,21,e,0,-,692
25,21,e,1,-,860
25,21,e,2,-,822
25,21,e,3,-,1172
25,21,e,4,-,781
25,21,e,5,-,914
25,21,e,6,-,1018
25,21,e,7,-,643
25,21,e,8,-,620
25,21,e,?,1,2233
25,14,f,0,-,535
25,14,f,1,-,783
25,14,f,2,-,827
25,14,f,3,-,813
25,14,f,4,-,715
25,14,f,5,-,765
25,14,f,6,-,795
25,14,f,7,-,2082
25,14,f,8,-,675
25,14,f,?,1,3559
25,3,c,0,-,706
25,3,c,1,-,1302
25,3,c,2,-,878
25,3,c,3,-,968
25,3,c,4,-,1013
25,3,c,5,-,906
25,3,c,6,-,1019
25,3,c,7,-,977
25,3,c,8,-,1699
25,3,c,?,1,3461
25,11,c,0,-,460
25,11,c,1,-,563
25,11,c,2,-,535
25,11,c,3,-,668
25,11,c,4,-,617
25,11,c,5,-,530
25,11,c,6,-,519
25,11,c,7,-,1907
25,11,c,8,-,860
25,11,c,?,1,2765
25,13,e,0,-,555
25,13,e,1,-,729
25,13,e,2,-,700
25,13,e,3,-,841
25,13,e,4,-,800
25,13,e,5,-,777
25,13,e,6,-,716
25,13,e,7,-,2615
25,13,e,8,-,1765
25,13,e,?,1,1900
25,7,h,0,-,448
25,7,h,1,-,588
25,7,h,2,-,592
25,7,h,3,-,798
25,7,h,4,-,730
25,7,h,5,-,735
25,7,h,6,-,753
25,7,h,7,-,924
25,7,h,8,-,760
25,7,h,?,1,2410
25,1,b,0,-,581
25,1,b,1,-,772
25,1,b,2,-,701
25,1,b,3,-,1058
25,1,b,4,-,741
25,1,b,5,-,628
25,1,b,6,-,563
25,1,b,7,-,1129
25,1,b,8,-,603
25,1,b,?,1,1615
25,16,g,0,-,472
25,16,g,1,-,577
25,16,g,2,-,597
25,16,g,3,-,698
25,16,g,4,-,674
25,16,g,5,-,793
25,16,g,6,-,918
25,16,g,7,-,958
25,16,g,8,-,647
25,16,g,?,1,1710
25,15,h,0,-,745
25,15,h,1,-,725
25,15,h,2,-,711
25,15,h,3,-,1040
25,15,h,4,-,693
25,15,h,5,-,825
25,15,h,6,-,2046
25,15,h,7,-,841
25,15,h,8,-,948
25,15,h,?,1,2222
25,12,d,0,-,549
25,12,d,1,-,677
25,12,d,2,-,568
25,12,d,3,-,630
25,12,d,4,-,621
25,12,d,5,-,515
25,12,d,6,-,621
25,12,d,7,-,623
25,12,d,8,-,649
25,12,d,?,1,4073
25,9,b,0,-,590
25,9,b,1,-,712
25,9,b,2,-,653
25,9,b,3,-,778
25,9,b,4,-,566
25,9,b,5,-,482
25,9,b,6,-,534
25,9,b,7,-,576
25,9,b,8,-,562
25,9,b,?,1,1719
26,17,a,0,-,587
26,17,a,1,-,754
26,17,a,2,-,1004
26,17,a,3,-,1051
26,17,a,4,-,827
26,17,a,5,-,884
26,17,a,6,-,650
26,17,a,7,-,1515
26,17,a,8,-,773
26,17,a,?,1,3876
26,11,d,0,-,527
26,11,d,1,-,616
26,11,d,2,-,685
26,11,d,3,-,1690
26,11,d,4,-,448
26,11,d,5,-,412
26,11,d,6,-,1096
26,11,d,7,-,523
26,11,d,8,-,1629
26,11,d,?,1,1040
26,15,g,0,-,586
26,15,g,1,-,531
26,15,g,2,-,570
26,15,g,3,-,2288
26,15,g,4,-,640
26,15,g,5,-,619
26,15,g,6,-,515
26,15,g,7,-,1037
26,15,g,8,-,1581
26,15,g,?,1,1412
26,13,f,0,-,438
26,13,f,1,-,591
26,13,f,2,-,571
26,13,f,3,-,1494
26,13,f,4,-,495
26,13,f,5,-,561
26,13,f,6,-,652
26,13,f,7,-,495
26,13,f,8,-,610
26,13,f,?,1,2000
26,14,h,0,-,526
26,14,h,1,-,854
26,14,h,2,-,647
26,14,h,3,-,1823
26,14,h,4,-,480
26,14,h,5,-,600
26,14,h,6,-,878
26,14,h,7,-,1156
26,14,h,8,-,920
26,14,h,?,1,1926
26,6,h,0,-,470
26,6,h,1,-,706
26,6,h,2,-,686
26,6,h,3,-,1252
26,6,h,4,-,425
26,6,h,5,-,370
26,6,h,6,-,507
26,6,h,7,-,484
26,6,h,8,-,1304
26,6,h,?,1,2069
26,3,d,0,-,569
26,3,d,1,-,729
26,3,d,2,-,473
26,3,d,3,-,933
26,3,d,4,-,417
26,3,d,5,-,549
26,3,d,6,-,545
26,3,d,7,-,2137
26,3,d,8,-,764
26,3,d,?,1,1142
26,21,f,0,-,429
26,21,f,1,-,424
26,21,f,2,-,693
26,21,f,3,-,606
26,21,f,4,-,354
26,21,f,5,-,371
26,21,f,6,-,1141
26,21,f,7,-,642
26,21,f,8,-,652
26,21,f,?,1,2195
26,2,c,0,-,1311
26,2,c,1,-,596
26,2,c,2,-,565
26,2,c,3,-,624
26,2,c,4,-,387
26,2,c,5,-,429
26,2,c,6,-,552
26,2,c,7,-,892
26,2,c,8,-,678
26,2,c,?,1,1445
26,12,e,0,-,399
26,12,e,1,-,358
26,12,e,2,-,772
26,12,e,3,-,792
26,12,e,4,-,411
26,12,e,5,-,527
26,12,e,6,-,742
26,12,e,7,-,696
26,12,e,8,-,732
26,12,e,?,1,2583
26,8,b,0,-,401
26,8,b,1,-,448
26,8,b,2,-,540
26,8,b,3,-,852
26,8,b,4,-,438
26,8,b,5,-,507
26,8,b,6,-,740
26,8,b,7,-,636
26,8,b,8,-,1229
26,8,b,?,1,1277
26,20,e,0,-,374
26,20,e,1,-,381
26,20,e,2,-,385
26,20,e,3,-,790
26,20,e,4,-,358
26,20,e,5,-,457
26,20,e,6,-,484
26,20,e,7,-,420
26,20,e,8,-,567
26,20,e,?,1,1374
26,7,g,0,-,421
26,7,g,1,-,402
26,7,g,2,-,525
26,7,g,3,-,1205
26,7,g,4,-,517
26,7,g,5,-,540
26,7,g,6,-,607
26,7,g,7,-,537
26,7,g,8,-,744
26,7,g,?,1,1228
26,1,a,0,-,488
26,1,a,1,-,444
26,1,a,2,-,312
26,1,a,3,-,1221
26,1,a,4,-,412
26,1,a,5,-,573
26,1,a,6,-,470
26,1,a,7,-,512
26,1,a,8,-,628
26,1,a,?,1,1330
26,19,d,0,-,475
26,19,d,1,-,668
26,19,d,2,-,626
26,19,d,3,-,1068
26,19,d,4,-,425
26,19,d,5,-,439
26,19,d,6,-,488
26,19,d,7,-,1155
26,19,d,8,-,557
26,19,d,?,1,1831
26,9,a,0,-,647
26,9,a,1,-,813
26,9,a,2,-,758
26,9,a,3,-,1161
26,9,a,4,-,614
26,9,a,5,-,460
26,9,a,6,-,491
26,9,a,7,-,464
26,9,a,8,-,572
26,9,a,?,1,2107
26,5,f,0,-,466
26,5,f,1,-,594
26,5,f,2,-,466
26,5,f,3,-,670
26,5,f,4,-,522
26,5,f,5,-,727
26,5,f,6,-,560
26,5,f,7,-,583
26,5,f,8,-,681
26,5,f,?,1,1497
26,18,c,0,-,451
26,18,c,1,-,645
26,18,c,2,-,1207
26,18,c,3,-,1257
26,18,c,4,-,437
26,18,c,5,-,427
26,18,c,6,-,447
26,18,c,7,-,950
26,18,c,8,-,545
26,18,c,?,1,1609
26,10,c,0,-,671
26,10,c,1,-,917
26,10,c,2,-,653
26,10,c,3,-,874
26,10,c,4,-,442
26,10,c,5,-,437
26,10,c,6,-,522
26,10,c,7,-,925
26,10,c,8,-,541
26,10,c,?,1,1939
26,4,e,0,-,438
26,4,e,1,-,519
26,4,e,2,-,418
26,4,e,3,-,660
26,4,e,4,-,452
26,4,e,5,-,954
26,4,e,6,-,341
26,4,e,7,-,640
26,4,e,8,-,715
26,4,e,?,1,3121
26,16,b,0,-,464
26,16,b,1,-,629
26,16,b,2,-,600
26,16,b,3,-,625
26,16,b,4,-,500
26,16,b,5,-,428
26,16,b,6,-,466
26,16,b,7,-,446
26,16,b,8,-,629
26,16,b,?,0,1859
3,13,h,0,-,572
3,13,h,1,-,460
3,13,h,2,-,393
3,13,h,3,-,457
3,13,h,4,-,482
3,13,h,5,-,398
3,13,h,6,-,511
3,13,h,7,-,495
3,13,h,8,-,496
3,13,h,?,1,1022
3,8,a,0,-,589
3,8,a,1,-,459
3,8,a,2,-,479
3,8,a,3,-,453
3,8,a,4,-,469
3,8,a,5,-,624
3,8,a,6,-,481
3,8,a,7,-,525
3,8,a,8,-,515
3,8,a,?,1,822
3,3,e,0,-,526
3,3,e,1,-,494
3,3,e,2,-,685
3,3,e,3,-,494
3,3,e,4,-,583
3,3,e,5,-,531
3,3,e,6,-,516
3,3,e,7,-,658
3,3,e,8,-,1354
3,3,e,?,1,1189
3,7,b,0,-,375
3,7,b,1,-,415
3,7,b,2,-,554
3,7,b,3,-,359
3,7,b,4,-,403
3,7,b,5,-,364
3,7,b,6,-,390
3,7,b,7,-,471
3,7,b,8,-,409
3,7,b,?,1,1251
3,11,e,0,-,365
3,11,e,1,-,338
3,11,e,2,-,342
3,11,e,3,-,365
3,11,e,4,-,475
3,11,e,5,-,432
3,11,e,6,-,273
3,11,e,7,-,290
3,11,e,8,-,648
3,11,e,?,1,787
3,10,d,0,-,481
3,10,d,1,-,407
3,10,d,2,-,447
3,10,d,3,-,397
3,10,d,4,-,378
3,10,d,5,-,479
3,10,d,6,-,315
3,10,d,7,-,396
3,10,d,8,-,455
3,10,d,?,1,1607
3,21,h,0,-,407
3,21,h,1,-,371
3,21,h,2,-,391
3,21,h,3,-,381
3,21,h,4,-,349
3,21,h,5,-,378
3,21,h,6,-,342
3,21,h,7,-,408
3,21,h,8,-,483
3,21,h,?,1,1022
3,1,c,0,-,410
3,1,c,1,-,308
3,1,c,2,-,374
3,1,c,3,-,425
3,1,c,4,-,600
3,1,c,5,-,406
3,1,c,6,-,313
3,1,c,7,-,374
3,1,c,8,-,520
3,1,c,?,1,782
3,16,a,0,-,385
3,16,a,1,-,293
3,16,a,2,-,534
3,16,a,3,-,399
3,16,a,4,-,396
3,16,a,5,-,330
3,16,a,6,-,487
3,16,a,7,-,432
3,16,a,8,-,315
3,16,a,?,1,2163
3,17,c,0,-,208
3,17,c,1,-,418
3,17,c,2,-,343
3,17,c,3,-,252
3,17,c,4,-,364
3,17,c,5,-,381
3,17,c,6,-,380
3,17,c,7,-,357
3,17,c,8,-,349
3,17,c,?,1,2341
3,5,h,0,-,286
3,5,h,1,-,360
3,5,h,2,-,239
3,5,h,3,-,354
3,5,h,4,-,301
3,5,h,5,-,308
3,5,h,6,-,280
3,5,h,7,-,345
3,5,h,8,-,436
3,5,h,?,1,3101
3,18,d,0,-,458
3,18,d,1,-,286
3,18,d,2,-,362
3,18,d,3,-,338
3,18,d,4,-,362
3,18,d,5,-,300
3,18,d,6,-,369
3,18,d,7,-,403
3,18,d,8,-,385
3,18,d,?,1,888
3,4,f,0,-,293
3,4,f,1,-,504
3,4,f,2,-,589
3,4,f,3,-,295
3,4,f,4,-,331
3,4,f,5,-,337
3,4,f,6,-,297
3,4,f,7,-,314
3,4,f,8,-,396
3,4,f,?,1,1638
3,14,g,0,-,289
3,14,g,1,-,341
3,14,g,2,-,465
3,14,g,3,-,258
3,14,g,4,-,278
3,14,g,5,-,349
3,14,g,6,-,311
3,14,g,7,-,291
3,14,g,8,-,317
3,14,g,?,1,995
3,12,f,0,-,280
3,12,f,1,-,287
3,12,f,2,-,299
3,12,f,3,-,276
3,12,f,4,-,342
3,12,f,5,-,258
3,12,f,6,-,286
3,12,f,7,-,305
3,12,f,8,-,319
3,12,f,?,1,930
3,20,f,0,-,336
3,20,f,1,-,440
3,20,f,2,-,281
3,20,f,3,-,346
3,20,f,4,-,338
3,20,f,5,-,322
3,20,f,6,-,303
3,20,f,7,-,349
3,20,f,8,-,358
3,20,f,?,1,928
3,15,b,0,-,290
3,15,b,1,-,271
3,15,b,2,-,240
3,15,b,3,-,312
3,15,b,4,-,418
3,15,b,5,-,366
3,15,b,6,-,275
3,15,b,7,-,315
3,15,b,8,-,426
3,15,b,?,1,820
3,2,d,0,-,340
3,2,d,1,-,319
3,2,d,2,-,372
3,2,d,3,-,225
3,2,d,4,-,437
3,2,d,5,-,298
3,2,d,6,-,304
3,2,d,7,-,307
3,2,d,8,-,556
3,2,d,?,1,1167
3,6,g,0,-,282
3,6,g,1,-,261
3,6,g,2,-,305
3,6,g,3,-,330
3,6,g,4,-,407
3,6,g,5,-,384
3,6,g,6,-,300
3,6,g,7,-,272
3,6,g,8,-,594
3,6,g,?,1,989
3,19,e,0,-,350
3,19,e,1,-,271
3,19,e,2,-,280
3,19,e,3,-,260
3,19,e,4,-,425
3,19,e,5,-,388
3,19,e,6,-,240
3,19,e,7,-,403
3,19,e,8,-,384
3,19,e,?,1,1055
4,13,g,0,-,239
4,13,g,1,-,259
4,13,g,2,-,256
4,13,g,3,-,290
4,13,g,4,-,500
4,13,g,5,-,332
4,13,g,6,-,359
4,13,g,7,-,281
4,13,g,8,-,1574
4,13,g,?,1,1813
4,8,c,0,-,318
4,8,c,1,-,280
4,8,c,2,-,281
4,8,c,3,-,284
4,8,c,4,-,308
4,8,c,5,-,340
4,8,c,6,-,285
4,8,c,7,-,302
4,8,c,8,-,1361
4,8,c,?,1,1578
4,7,a,0,-,284
4,7,a,1,-,259
4,7,a,2,-,297
4,7,a,3,-,289
4,7,a,4,-,449
4,7,a,5,-,330
4,7,a,6,-,318
4,7,a,7,-,330
4,7,a,8,-,636
4,7,a,?,1,1538
4,1,d,0,-,290
4,1,d,1,-,282
4,1,d,2,-,269
4,1,d,3,-,298
4,1,d,4,-,583
4,1,d,5,-,413
4,1,d,6,-,412
4,1,d,7,-,634
4,1,d,8,-,1619
4,1,d,?,1,1270
4,21,g,0,-,530
4,21,g,1,-,331
4,21,g,2,-,653
4,21,g,3,-,507
4,21,g,4,-,449
4,21,g,5,-,380
4,21,g,6,-,590
4,21,g,7,-,1265
4,21,g,8,-,598
4,21,g,?,1,1244
4,15,a,0,-,419
4,15,a,1,-,280
4,15,a,2,-,321
4,15,a,3,-,301
4,15,a,4,-,452
4,15,a,5,-,338
4,15,a,6,-,387
4,15,a,7,-,400
4,15,a,8,-,499
4,15,a,?,1,1138
4,4,h,0,-,339
4,4,h,1,-,291
4,4,h,2,-,366
4,4,h,3,-,304
4,4,h,4,-,481
4,4,h,5,-,290
4,4,h,6,-,394
4,4,h,7,-,507
4,4,h,8,-,540
4,4,h,?,1,2422
4,16,c,0,-,310
4,16,c,1,-,291
4,16,c,2,-,292
4,16,c,3,-,291
4,16,c,4,-,449
4,16,c,5,-,323
4,16,c,6,-,575
4,16,c,7,-,430
4,16,c,8,-,565
4,16,c,?,0,1537
4,5,g,0,-,269
4,5,g,1,-,318
4,5,g,2,-,289
4,5,g,3,-,309
4,5,g,4,-,627
4,5,g,5,-,394
4,5,g,6,-,290
4,5,g,7,-,1709
4,5,g,8,-,1589
4,5,g,?,1,2268
4,9,d,0,-,555
4,9,d,1,-,390
4,9,d,2,-,403
4,9,d,3,-,844
4,9,d,4,-,465
4,9,d,5,-,376
4,9,d,6,-,523
4,9,d,7,-,1287
4,9,d,8,-,1052
4,9,d,?,1,1835
4,17,d,0,-,380
4,17,d,1,-,300
4,17,d,2,-,339
4,17,d,3,-,320
4,17,d,4,-,599
4,17,d,5,-,363
4,17,d,6,-,322
4,17,d,7,-,1361
4,17,d,8,-,531
4,17,d,?,1,1650
4,10,e,0,-,295
4,10,e,1,-,441
4,10,e,2,-,306
4,10,e,3,-,248
4,10,e,4,-,528
4,10,e,5,-,239
4,10,e,6,-,266
4,10,e,7,-,331
4,10,e,8,-,569
4,10,e,?,1,1373
4,20,h,0,-,288
4,20,h,1,-,267
4,20,h,2,-,308
4,20,h,3,-,299
4,20,h,4,-,359
4,20,h,5,-,266
4,20,h,6,-,309
4,20,h,7,-,572
4,20,h,8,-,512
4,20,h,?,1,1113
4,3,f,0,-,285
4,3,f,1,-,283
4,3,f,2,-,264
4,3,f,3,-,267
4,3,f,4,-,402
4,3,f,5,-,273
4,3,f,6,-,277
4,3,f,7,-,565
4,3,f,8,-,474
4,3,f,?,1,1348
4,18,e,0,-,265
4,18,e,1,-,274
4,18,e,2,-,255
4,18,e,3,-,259
4,18,e,4,-,492
4,18,e,5,-,261
4,18,e,6,-,273
4,18,e,7,-,595
4,18,e,8,-,375
4,18,e,?,1,1804
4,14,b,0,-,254
4,14,b,1,-,285
4,14,b,2,-,261
4,14,b,3,-,290
4,14,b,4,-,374
4,14,b,5,-,263
4,14,b,6,-,349
4,14,b,7,-,297
4,14,b,8,-,292
4,14,b,?,1,1610
4,2,e,0,-,253
4,2,e,1,-,234
4,2,e,2,-,224
4,2,e,3,-,244
4,2,e,4,-,484
4,2,e,5,-,278
4,2,e,6,-,304
4,2,e,7,-,415
4,2,e,8,-,290
4,2,e,?,1,975
4,19,f,0,-,420
4,19,f,1,-,242
4,19,f,2,-,241
4,19,f,3,-,849
4,19,f,4,-,304
4,19,f,5,-,273
4,19,f,6,-,265
4,19,f,7,-,420
4,19,f,8,-,513
4,19,f,?,1,1251
4,11,f,0,-,406
4,11,f,1,-,282
4,11,f,2,-,304
4,11,f,3,-,377
4,11,f,4,-,382
4,11,f,5,-,357
4,11,f,6,-,350
4,11,f,7,-,371
4,11,f,8,-,325
4,11,f,?,1,1028
4,12,h,0,-,232
4,12,h,1,-,227
4,12,h,2,-,257
4,12,h,3,-,560
4,12,h,4,-,268
4,12,h,5,-,251
4,12,h,6,-,242
4,12,h,7,-,569
4,12,h,8,-,365
4,12,h,?,1,1478
4,6,b,0,-,266
4,6,b,1,-,323
4,6,b,2,-,307
4,6,b,3,-,297
4,6,b,4,-,321
4,6,b,5,-,276
4,6,b,6,-,259
4,6,b,7,-,294
4,6,b,8,-,390
4,6,b,?,1,1708
5,12,g,0,-,279
5,12,g,1,-,282
5,12,g,2,-,309
5,12,g,3,-,368
5,12,g,4,-,507
5,12,g,5,-,465
5,12,g,6,-,437
5,12,g,7,-,533
5,12,g,8,-,912
5,12,g,?,1,1552
5,15,c,0,-,220
5,15,c,1,-,253
5,15,c,2,-,259
5,15,c,3,-,305
5,15,c,4,-,512
5,15,c,5,-,373
5,15,c,6,-,573
5,15,c,7,-,769
5,15,c,8,-,693
5,15,c,?,1,1826
5,7,c,0,-,299
5,7,c,1,-,277
5,7,c,2,-,264
5,7,c,3,-,273
5,7,c,4,-,486
5,7,c,5,-,404
5,7,c,6,-,521
5,7,c,7,-,566
5,7,c,8,-,649
5,7,c,?,1,1053
5,16,d,0,-,274
5,16,d,1,-,277
5,16,d,2,-,301
5,16,d,3,-,293
5,16,d,4,-,406
5,16,d,5,-,335
5,16,d,6,-,507
5,16,d,7,-,495
5,16,d,8,-,601
5,16,d,?,0,2413
5,2,f,0,-,382
5,2,f,1,-,438
5,2,f,2,-,422
5,2,f,3,-,466
5,2,f,4,-,416
5,2,f,5,-,541
5,2,f,6,-,449
5,2,f,7,-,542
5,2,f,8,-,618
5,2,f,?,1,1537
5,18,f,0,-,447
5,18,f,1,-,371
5,18,f,2,-,750
5,18,f,3,-,809
5,18,f,4,-,513
5,18,f,5,-,507
5,18,f,6,-,492
5,18,f,7,-,504
5,18,f,8,-,609
5,18,f,?,1,1312
5,13,b,0,-,325
5,13,b,1,-,254
5,13,b,2,-,246
5,13,b,3,-,285
5,13,b,4,-,376
5,13,b,5,-,304
5,13,b,6,-,321
5,13,b,7,-,410
5,13,b,8,-,324
5,13,b,?,1,1262
5,5,b,0,-,299
5,5,b,1,-,300
5,5,b,2,-,284
5,5,b,3,-,268
5,5,b,4,-,358
5,5,b,5,-,287
5,5,b,6,-,332
5,5,b,7,-,386
5,5,b,8,-,717
5,5,b,?,1,1398
5,20,g,0,-,285
5,20,g,1,-,319
5,20,g,2,-,289
5,20,g,3,-,389
5,20,g,4,-,371
5,20,g,5,-,379
5,20,g,6,-,395
5,20,g,7,-,370
5,20,g,8,-,462
5,20,g,?,1,1284
5,4,g,0,-,311
5,4,g,1,-,339
5,4,g,2,-,478
5,4,g,3,-,406
5,4,g,4,-,460
5,4,g,5,-,374
5,4,g,6,-,500
5,4,g,7,-,475
5,4,g,8,-,711
5,4,g,?,1,1589
5,17,e,0,-,318
5,17,e,1,-,264
5,17,e,2,-,290
5,17,e,3,-,257
5,17,e,4,-,262
5,17,e,5,-,262
5,17,e,6,-,295
5,17,e,7,-,322
5,17,e,8,-,1032
5,17,e,?,1,2376
5,6,a,0,-,301
5,6,a,1,-,258
5,6,a,2,-,288
5,6,a,3,-,249
5,6,a,4,-,275
5,6,a,5,-,297
5,6,a,6,-,284
5,6,a,7,-,293
5,6,a,8,-,565
5,6,a,?,1,1280
5,19,h,0,-,273
5,19,h,1,-,277
5,19,h,2,-,297
5,19,h,3,-,273
5,19,h,4,-,537
5,19,h,5,-,343
5,19,h,6,-,347
5,19,h,7,-,386
5,19,h,8,-,329
5,19,h,?,1,1435
5,21,b,0,-,266
5,21,b,1,-,244
5,21,b,2,-,261
5,21,b,3,-,257
5,21,b,4,-,280
5,21,b,5,-,514
5,21,b,6,-,425
5,21,b,7,-,475
5,21,b,8,-,581
5,21,b,?,1,1086
5,1,e,0,-,275
5,1,e,1,-,223
5,1,e,2,-,228
5,1,e,3,-,238
5,1,e,4,-,338
5,1,e,5,-,540
5,1,e,6,-,350
5,1,e,7,-,374
5,1,e,8,-,646
5,1,e,?,1,2123
5,8,d,0,-,267
5,8,d,1,-,248
5,8,d,2,-,247
5,8,d,3,-,267
5,8,d,4,-,362
5,8,d,5,-,318
5,8,d,6,-,589
5,8,d,7,-,755
5,8,d,8,-,740
5,8,d,?,1,1255
5,9,e,0,-,341
5,9,e,1,-,302
5,9,e,2,-,297
5,9,e,3,-,310
5,9,e,4,-,409
5,9,e,5,-,336
5,9,e,6,-,348
5,9,e,7,-,405
5,9,e,8,-,541
5,9,e,?,1,1320
5,10,f,0,-,556
5,10,f,1,-,308
5,10,f,2,-,229
5,10,f,3,-,415
5,10,f,4,-,1045
5,10,f,5,-,416
5,10,f,6,-,359
5,10,f,7,-,407
5,10,f,8,-,490
5,10,f,?,1,1169
5,14,a,0,-,259
5,14,a,1,-,283
5,14,a,2,-,230
5,14,a,3,-,266
5,14,a,4,-,270
5,14,a,5,-,295
5,14,a,6,-,273
5,14,a,7,-,278
5,14,a,8,-,300
5,14,a,?,1,2122
5,11,h,0,-,277
5,11,h,1,-,250
5,11,h,2,-,266
5,11,h,3,-,246
5,11,h,4,-,245
5,11,h,5,-,273
5,11,h,6,-,253
5,11,h,7,-,297
5,11,h,8,-,470
5,11,h,?,1,1169
5,3,h,0,-,327
5,3,h,1,-,337
5,3,h,2,-,282
5,3,h,3,-,269
5,3,h,4,-,234
5,3,h,5,-,309
5,3,h,6,-,282
5,3,h,7,-,287
5,3,h,8,-,471
5,3,h,?,1,1291
6,12,b,0,-,363
6,12,b,1,-,313
6,12,b,2,-,363
6,12,b,3,-,512
6,12,b,4,-,395
6,12,b,5,-,463
6,12,b,6,-,448
6,12,b,7,-,435
6,12,b,8,-,630
6,12,b,?,1,3586
6,10,h,0,-,328
6,10,h,1,-,337
6,10,h,2,-,343
6,10,h,3,-,348
6,10,h,4,-,429
6,10,h,5,-,425
6,10,h,6,-,404
6,10,h,7,-,375
6,10,h,8,-,778
6,10,h,?,1,2212
6,3,g,0,-,414
6,3,g,1,-,322
6,3,g,2,-,311
6,3,g,3,-,352
6,3,g,4,-,487
6,3,g,5,-,458
6,3,g,6,-,441
6,3,g,7,-,389
6,3,g,8,-,387
6,3,g,?,1,4267
6,21,a,0,-,501
6,21,a,1,-,380
6,21,a,2,-,469
6,21,a,3,-,713
6,21,a,4,-,1185
6,21,a,5,-,410
6,21,a,6,-,768
6,21,a,7,-,427
6,21,a,8,-,1097
6,21,a,?,1,1290
6,1,f,0,-,367
6,1,f,1,-,312
6,1,f,2,-,372
6,1,f,3,-,418
6,1,f,4,-,650
6,1,f,5,-,445
6,1,f,6,-,465
6,1,f,7,-,354
6,1,f,8,-,461
6,1,f,?,1,2507
6,2,h,0,-,367
6,2,h,1,-,442
6,2,h,2,-,615
6,2,h,3,-,759
6,2,h,4,-,378
6,2,h,5,-,330
6,2,h,6,-,382
6,2,h,7,-,381
6,2,h,8,-,3034
6,2,h,?,1,1330
6,20,b,0,-,414
6,20,b,1,-,364
6,20,b,2,-,290
6,20,b,3,-,388
6,20,b,4,-,571
6,20,b,5,-,412
6,20,b,6,-,480
6,20,b,7,-,469
6,20,b,8,-,361
6,20,b,?,1,4371
6,18,h,0,-,307
6,18,h,1,-,275
6,18,h,2,-,263
6,18,h,3,-,275
6,18,h,4,-,1414
6,18,h,5,-,333
6,18,h,6,-,275
6,18,h,7,-,386
6,18,h,8,-,5599
6,18,h,?,1,2268
6,13,a,0,-,307
6,13,a,1,-,341
6,13,a,2,-,348
6,13,a,3,-,518
6,13,a,4,-,313
6,13,a,5,-,394
6,13,a,6,-,365
6,13,a,7,-,336
6,13,a,8,-,585
6,13,a,?,1,1993
6,11,g,0,-,322
6,11,g,1,-,289
6,11,g,2,-,299
6,11,g,3,-,302
6,11,g,4,-,381
6,11,g,5,-,329
6,11,g,6,-,366
6,11,g,7,-,387
6,11,g,8,-,3051
6,11,g,?,1,1895
6,7,d,0,-,300
6,7,d,1,-,280
6,7,d,2,-,317
6,7,d,3,-,329
6,7,d,4,-,394
6,7,d,5,-,427
6,7,d,6,-,520
6,7,d,7,-,857
6,7,d,8,-,1036
6,7,d,?,1,955
6,6,c,0,-,605
6,6,c,1,-,413
6,6,c,2,-,309
6,6,c,3,-,3229
6,6,c,4,-,391
6,6,c,5,-,277
6,6,c,6,-,330
6,6,c,7,-,316
6,6,c,8,-,454
6,6,c,?,1,1719
6,14,c,0,-,290
6,14,c,1,-,283
6,14,c,2,-,316
6,14,c,3,-,300
6,14,c,4,-,356
6,14,c,5,-,360
6,14,c,6,-,435
6,14,c,7,-,416
6,14,c,8,-,1769
6,14,c,?,1,4664
6,17,f,0,-,278
6,17,f,1,-,227
6,17,f,2,-,269
6,17,f,3,-,299
6,17,f,4,-,342
6,17,f,5,-,330
6,17,f,6,-,551
6,17,f,7,-,474
6,17,f,8,-,3915
6,17,f,?,1,1355
6,15,d,0,-,256
6,15,d,1,-,258
6,15,d,2,-,278
6,15,d,3,-,274
6,15,d,4,-,322
6,15,d,5,-,350
6,15,d,6,-,367
6,15,d,7,-,474
6,15,d,8,-,566
6,15,d,?,1,1248
6,5,a,0,-,322
6,5,a,1,-,188
6,5,a,2,-,224
6,5,a,3,-,221
6,5,a,4,-,476
6,5,a,5,-,401
6,5,a,6,-,378
6,5,a,7,-,338
6,5,a,8,-,1356
6,5,a,?,1,3222
6,4,b,0,-,286
6,4,b,1,-,279
6,4,b,2,-,352
6,4,b,3,-,235
6,4,b,4,-,319
6,4,b,5,-,285
6,4,b,6,-,318
6,4,b,7,-,296
6,4,b,8,-,350
6,4,b,?,1,1490
6,19,g,0,-,204
6,19,g,1,-,271
6,19,g,2,-,292
6,19,g,3,-,345
6,19,g,4,-,327
6,19,g,5,-,391
6,19,g,6,-,387
6,19,g,7,-,436
6,19,g,8,-,1252
6,19,g,?,1,1139
6,16,e,0,-,252
6,16,e,1,-,259
6,16,e,2,-,256
6,16,e,3,-,271
6,16,e,4,-,436
6,16,e,5,-,398
6,16,e,6,-,299
6,16,e,7,-,304
6,16,e,8,-,342
6,16,e,?,0,3068
6,9,f,0,-,1197
6,9,f,1,-,431
6,9,f,2,-,421
6,9,f,3,-,523
6,9,f,4,-,839
6,9,f,5,-,641
6,9,f,6,-,478
6,9,f,7,-,572
6,9,f,8,-,624
6,9,f,?,1,875
6,8,e,0,-,224
6,8,e,1,-,239
6,8,e,2,-,221
6,8,e,3,-,232
6,8,e,4,-,239
6,8,e,5,-,266
6,8,e,6,-,286
6,8,e,7,-,262
6,8,e,8,-,357
6,8,e,?,1,1046
7,12,a,0,-,995
7,12,a,1,-,1328
7,12,a,2,-,1088
7,12,a,3,-,1263
7,12,a,4,-,1004
7,12,a,5,-,694
7,12,a,6,-,566
7,12,a,7,-,1059
7,12,a,8,-,2988
7,12,a,?,1,2575
7,8,f,0,-,649
7,8,f,1,-,951
7,8,f,2,-,717
7,8,f,3,-,1509
7,8,f,4,-,1061
7,8,f,5,-,649
7,8,f,6,-,500
7,8,f,7,-,844
7,8,f,8,-,1103
7,8,f,?,1,1605
7,7,e,0,-,619
7,7,e,1,-,687
7,7,e,2,-,668
7,7,e,3,-,814
7,7,e,4,-,487
7,7,e,5,-,434
7,7,e,6,-,550
7,7,e,7,-,1240
7,7,e,8,-,756
7,7,e,?,1,1458
7,21,c,0,-,1457
7,21,c,1,-,712
7,21,c,2,-,1175
7,21,c,3,-,1392
7,21,c,4,-,456
7,21,c,5,-,357
7,21,c,6,-,486
7,21,c,7,-,498
7,21,c,8,-,829
7,21,c,?,1,1446
7,2,g,0,-,4106
7,2,g,1,-,415
7,2,g,2,-,755
7,2,g,3,-,2419
7,2,g,4,-,353
7,2,g,5,-,400
7,2,g,6,-,356
7,2,g,7,-,423
7,2,g,8,-,2686
7,2,g,?,1,1548
7,10,g,0,-,673
7,10,g,1,-,860
7,10,g,2,-,580
7,10,g,3,-,2210
7,10,g,4,-,872
7,10,g,5,-,466
7,10,g,6,-,1215
7,10,g,7,-,1437
7,10,g,8,-,735
7,10,g,?,1,2225
7,16,f,0,-,525
7,16,f,1,-,642
7,16,f,2,-,984
7,16,f,3,-,785
7,16,f,4,-,523
7,16,f,5,-,421
7,16,f,6,-,656
7,16,f,7,-,1462
7,16,f,8,-,520
7,16,f,?,1,1915
7,4,a,0,-,570
7,4,a,1,-,976
7,4,a,2,-,739
7,4,a,3,-,2963
7,4,a,4,-,366
7,4,a,5,-,403
7,4,a,6,-,382
7,4,a,7,-,1312
7,4,a,8,-,725
7,4,a,?,1,2053
7,6,d,0,-,706
7,6,d,1,-,602
7,6,d,2,-,953
7,6,d,3,-,1934
7,6,d,4,-,481
7,6,d,5,-,359
7,6,d,6,-,532
7,6,d,7,-,1602
7,6,d,8,-,712
7,6,d,?,1,3035
7,20,a,0,-,575
7,20,a,1,-,382
7,20,a,2,-,444
7,20,a,3,-,1280
7,20,a,4,-,460
7,20,a,5,-,320
7,20,a,6,-,328
7,20,a,7,-,282
7,20,a,8,-,1298
7,20,a,?,1,1803
7,13,c,0,-,610
7,13,c,1,-,557
7,13,c,2,-,606
7,13,c,3,-,2039
7,13,c,4,-,527
7,13,c,5,-,440
7,13,c,6,-,699
7,13,c,7,-,2430
7,13,c,8,-,616
7,13,c,?,1,1308
7,19,b,0,-,595
7,19,b,1,-,677
7,19,b,2,-,585
7,19,b,3,-,1425
7,19,b,4,-,1003
7,19,b,5,-,518
7,19,b,6,-,915
7,19,b,7,-,426
7,19,b,8,-,606
7,19,b,?,1,837
7,9,h,0,-,456
7,9,h,1,-,450
7,9,h,2,-,505
7,9,h,3,-,2157
7,9,h,4,-,424
7,9,h,5,-,383
7,9,h,6,-,366
7,9,h,7,-,478
7,9,h,8,-,1766
7,9,h,?,1,1344
7,11,b,0,-,547
7,11,b,1,-,790
7,11,b,2,-,543
7,11,b,3,-,1067
7,11,b,4,-,449
7,11,b,5,-,763
7,11,b,6,-,514
7,11,b,7,-,423
7,11,b,8,-,477
7,11,b,?,1,1514
7,15,e,0,-,585
7,15,e,1,-,662
7,15,e,2,-,662
7,15,e,3,-,2822
7,15,e,4,-,1083
7,15,e,5,-,1488
7,15,e,6,-,622
7,15,e,7,-,849
7,15,e,8,-,487
7,15,e,?,1,1498
7,5,c,0,-,903
7,5,c,1,-,867
7,5,c,2,-,793
7,5,c,3,-,1428
7,5,c,4,-,594
7,5,c,5,-,484
7,5,c,6,-,483
7,5,c,7,-,1686
7,5,c,8,-,586
7,5,c,?,1,1676
7,18,g,0,-,516
7,18,g,1,-,386
7,18,g,2,-,402
7,18,g,3,-,2889
7,18,g,4,-,361
7,18,g,5,-,917
7,18,g,6,-,322
7,18,g,7,-,1818
7,18,g,8,-,535
7,18,g,?,1,1801
7,14,d,0,-,597
7,14,d,1,-,651
7,14,d,2,-,608
7,14,d,3,-,806
7,14,d,4,-,542
7,14,d,5,-,596
7,14,d,6,-,639
7,14,d,7,-,1246
7,14,d,8,-,404
7,14,d,?,1,1786
7,17,h,0,-,356
7,17,h,1,-,296
7,17,h,2,-,214
7,17,h,3,-,2321
7,17,h,4,-,445
7,17,h,5,-,390
7,17,h,6,-,343
7,17,h,7,-,1354
7,17,h,8,-,785
7,17,h,?,1,3202
7,1,h,0,-,490
7,1,h,1,-,485
7,1,h,2,-,1257
7,1,h,3,-,2055
7,1,h,4,-,397
7,1,h,5,-,422
7,1,h,6,-,398
7,1,h,7,-,592
7,1,h,8,-,1773
7,1,h,?,1,876
8,14,e,0,-,484
8,14,e,1,-,568
8,14,e,2,-,1173
8,14,e,3,-,946
8,14,e,4,-,516
8,14,e,5,-,410
8,14,e,6,-,431
8,14,e,7,-,778
8,14,e,8,-,788
8,14,e,?,1,5416
8,6,e,0,-,482
8,6,e,1,-,542
8,6,e,2,-,494
8,6,e,3,-,470
8,6,e,4,-,788
8,6,e,5,-,321
8,6,e,6,-,339
8,6,e,7,-,393
8,6,e,8,-,560
8,6,e,?,1,4001
8,5,d,0,-,462
8,5,d,1,-,393
8,5,d,2,-,583
8,5,d,3,-,655
8,5,d,4,-,403
8,5,d,5,-,397
8,5,d,6,-,593
8,5,d,7,-,421
8,5,d,8,-,682
8,5,d,?,1,1668
8,15,f,0,-,432
8,15,f,1,-,429
8,15,f,2,-,609
8,15,f,3,-,822
8,15,f,4,-,459
8,15,f,5,-,356
8,15,f,6,-,379
8,15,f,7,-,445
8,15,f,8,-,636
8,15,f,?,1,1706
8,17,g,0,-,445
8,17,g,1,-,484
8,17,g,2,-,431
8,17,g,3,-,318
8,17,g,4,-,1079
8,17,g,5,-,397
8,17,g,6,-,382
8,17,g,7,-,1039
8,17,g,8,-,648
8,17,g,?,1,7141
8,16,h,0,-,585
8,16,h,1,-,729
8,16,h,2,-,398
8,16,h,3,-,263
8,16,h,4,-,551
8,16,h,5,-,784
8,16,h,6,-,506
8,16,h,7,-,836
8,16,h,8,-,669
8,16,h,?,1,1538
8,3,a,0,-,514
8,3,a,1,-,443
8,3,a,2,-,341
8,3,a,3,-,603
8,3,a,4,-,388
8,3,a,5,-,268
8,3,a,6,-,175
8,3,a,7,-,578
8,3,a,8,-,661
8,3,a,?,1,1557
8,7,f,0,-,901
8,7,f,1,-,452
8,7,f,2,-,307
8,7,f,3,-,350
8,7,f,4,-,509
8,7,f,5,-,272
8,7,f,6,-,1199
8,7,f,7,-,372
8,7,f,8,-,714
8,7,f,?,1,2093
8,2,b,0,-,959
8,2,b,1,-,632
8,2,b,2,-,1191
8,2,b,3,-,990
8,2,b,4,-,469
8,2,b,5,-,486
8,2,b,6,-,667
8,2,b,7,-,287
8,2,b,8,-,526
8,2,b,?,1,2113
8,19,a,0,-,435
8,19,a,1,-,369
8,19,a,2,-,326
8,19,a,3,-,383
8,19,a,4,-,1828
8,19,a,5,-,1172
8,19,a,6,-,1152
8,19,a,7,-,484
8,19,a,8,-,561
8,19,a,?,1,1668
8,9,g,0,-,632
8,9,g,1,-,577
8,9,g,2,-,470
8,9,g,3,-,693
8,9,g,4,-,597
8,9,g,5,-,284
8,9,g,6,-,379
8,9,g,7,-,196
8,9,g,8,-,3379
8,9,g,?,1,1484
8,20,c,0,-,598
8,20,c,1,-,511
8,20,c,2,-,418
8,20,c,3,-,567
8,20,c,4,-,443
8,20,c,5,-,366
8,20,c,6,-,257
8,20,c,7,-,1703
8,20,c,8,-,642
8,20,c,?,1,1955
8,12,c,0,-,547
8,12,c,1,-,416
8,12,c,2,-,420
8,12,c,3,-,659
8,12,c,4,-,959
8,12,c,5,-,389
8,12,c,6,-,265
8,12,c,7,-,407
8,12,c,8,-,272
8,12,c,?,1,4124
8,8,h,0,-,884
8,8,h,1,-,417
8,8,h,2,-,419
8,8,h,3,-,349
8,8,h,4,-,453
8,8,h,5,-,278
8,8,h,6,-,259
8,8,h,7,-,451
8,8,h,8,-,612
8,8,h,?,1,1370
8,11,a,0,-,1354
8,11,a,1,-,409
8,11,a,2,-,340
8,11,a,3,-,874
8,11,a,4,-,459
8,11,a,5,-,268
8,11,a,6,-,247
8,11,a,7,-,770
8,11,a,8,-,477
8,11,a,?,1,7003
8,10,b,0,-,455
8,10,b,1,-,357
8,10,b,2,-,347
8,10,b,3,-,1013
8,10,b,4,-,581
8,10,b,5,-,298
8,10,b,6,-,298
8,10,b,7,-,370
8,10,b,8,-,936
8,10,b,?,1,1889
8,13,d,0,-,694
8,13,d,1,-,470
8,13,d,2,-,458
8,13,d,3,-,374
8,13,d,4,-,506
8,13,d,5,-,317
8,13,d,6,-,485
8,13,d,7,-,268
8,13,d,8,-,449
8,13,d,?,1,1714
8,21,d,0,-,456
8,21,d,1,-,395
8,21,d,2,-,421
8,21,d,3,-,283
8,21,d,4,-,554
8,21,d,5,-,305
8,21,d,6,-,255
8,21,d,7,-,269
8,21,d,8,-,924
8,21,d,?,1,2216
8,4,c,0,-,1113
8,4,c,1,-,1449
8,4,c,2,-,540
8,4,c,3,-,613
8,4,c,4,-,2142
8,4,c,5,-,365
8,4,c,6,-,467
8,4,c,7,-,284
8,4,c,8,-,260
8,4,c,?,1,2811
8,18,b,0,-,809
8,18,b,1,-,473
8,18,b,2,-,369
8,18,b,3,-,359
8,18,b,4,-,716
8,18,b,5,-,376
8,18,b,6,-,259
8,18,b,7,-,701
8,18,b,8,-,730
8,18,b,?,0,2311
8,1,g,0,-,351
8,1,g,1,-,384
8,1,g,2,-,505
8,1,g,3,-,2925
8,1,g,4,-,497
8,1,g,5,-,486
8,1,g,6,-,255
8,1,g,7,-,270
8,1,g,8,-,596
8,1,g,?,1,1500
9,21,e,0,-,813
9,21,e,1,-,996
9,21,e,2,-,1061
9,21,e,3,-,1480
9,21,e,4,-,710
9,21,e,5,-,806
9,21,e,6,-,1082
9,21,e,7,-,855
9,21,e,8,-,1082
9,21,e,?,1,1659
9,20,d,0,-,712
9,20,d,1,-,671
9,20,d,2,-,1099
9,20,d,3,-,1832
9,20,d,4,-,421
9,20,d,5,-,432
9,20,d,6,-,863
9,20,d,7,-,1065
9,20,d,8,-,661
9,20,d,?,1,1444
9,4,d,0,-,447
9,4,d,1,-,750
9,4,d,2,-,860
9,4,d,3,-,677
9,4,d,4,-,544
9,4,d,5,-,653
9,4,d,6,-,488
9,4,d,7,-,1261
9,4,d,8,-,1343
9,4,d,?,1,1741
9,1,b,0,-,820
9,1,b,1,-,899
9,1,b,2,-,823
9,1,b,3,-,1629
9,1,b,4,-,533
9,1,b,5,-,477
9,1,b,6,-,551
9,1,b,7,-,522
9,1,b,8,-,674
9,1,b,?,1,2204
9,14,f,0,-,776
9,14,f,1,-,405
9,14,f,2,-,463
9,14,f,3,-,632
9,14,f,4,-,589
9,14,f,5,-,587
9,14,f,6,-,1051
9,14,f,7,-,575
9,14,f,8,-,777
9,14,f,?,1,2969
9,2,a,0,-,583
9,2,a,1,-,819
9,2,a,2,-,674
9,2,a,3,-,846
9,2,a,4,-,428
9,2,a,5,-,798
9,2,a,6,-,596
9,2,a,7,-,548
9,2,a,8,-,592
9,2,a,?,1,1599
9,8,g,0,-,607
9,8,g,1,-,579
9,8,g,2,-,539
9,8,g,3,-,572
9,8,g,4,-,806
9,8,g,5,-,591
9,8,g,6,-,578
9,8,g,7,-,915
9,8,g,8,-,2992
9,8,g,?,1,1777
9,10,a,0,-,633
9,10,a,1,-,558
9,10,a,2,-,593
9,10,a,3,-,559
9,10,a,4,-,554
9,10,a,5,-,542
9,10,a,6,-,485
9,10,a,7,-,493
9,10,a,8,-,568
9,10,a,?,1,1815
9,6,f,0,-,667
9,6,f,1,-,1136
9,6,f,2,-,784
9,6,f,3,-,1529
9,6,f,4,-,592
9,6,f,5,-,972
9,6,f,6,-,1070
9,6,f,7,-,1961
9,6,f,8,-,675
9,6,f,?,1,2099
9,3,c,0,-,532
9,3,c,1,-,563
9,3,c,2,-,550
9,3,c,3,-,974
9,3,c,4,-,794
9,3,c,5,-,730
9,3,c,6,-,1502
9,3,c,7,-,1926
9,3,c,8,-,2737
9,3,c,?,1,3119
9,16,g,0,-,790
9,16,g,1,-,529
9,16,g,2,-,628
9,16,g,3,-,1270
9,16,g,4,-,604
9,16,g,5,-,600
9,16,g,6,-,919
9,16,g,7,-,2277
9,16,g,8,-,808
9,16,g,?,1,2042
9,5,e,0,-,450
9,5,e,1,-,408
9,5,e,2,-,440
9,5,e,3,-,621
9,5,e,4,-,574
9,5,e,5,-,534
9,5,e,6,-,502
9,5,e,7,-,483
9,5,e,8,-,908
9,5,e,?,1,1137
9,15,h,0,-,428
9,15,h,1,-,389
9,15,h,2,-,702
9,15,h,3,-,549
9,15,h,4,-,1204
9,15,h,5,-,346
9,15,h,6,-,445
9,15,h,7,-,414
9,15,h,8,-,845
9,15,h,?,1,1429
9,17,b,0,-,438
9,17,b,1,-,418
9,17,b,2,-,384
9,17,b,3,-,377
9,17,b,4,-,484
9,17,b,5,-,380
9,17,b,6,-,528
9,17,b,7,-,621
9,17,b,8,-,841
9,17,b,?,1,21526
9,18,a,0,-,427
9,18,a,1,-,407
9,18,a,2,-,405
9,18,a,3,-,873
9,18,a,4,-,487
9,18,a,5,-,402
9,18,a,6,-,389
9,18,a,7,-,466
9,18,a,8,-,855
9,18,a,?,1,1664
9,12,d,0,-,467
9,12,d,1,-,641
9,12,d,2,-,923
9,12,d,3,-,672
9,12,d,4,-,1616
9,12,d,5,-,1484
9,12,d,6,-,1010
9,12,d,7,-,1543
9,12,d,8,-,540
9,12,d,?,1,1318
9,11,c,0,-,498
9,11,c,1,-,453
9,11,c,2,-,485
9,11,c,3,-,781
9,11,c,4,-,789
9,11,c,5,-,827
9,11,c,6,-,581
9,11,c,7,-,714
9,11,c,8,-,2924
9,11,c,?,1,991
9,19,c,0,-,489
9,19,c,1,-,536
9,19,c,2,-,473
9,19,c,3,-,711
9,19,c,4,-,430
9,19,c,5,-,456
9,19,c,6,-,479
9,19,c,7,-,547
9,19,c,8,-,934
9,19,c,?,1,1501
9,7,h,0,-,464
9,7,h,1,-,514
9,7,h,2,-,550
9,7,h,3,-,669
9,7,h,4,-,763
9,7,h,5,-,626
9,7,h,6,-,1054
9,7,h,7,-,1197
9,7,h,8,-,625
9,7,h,?,1,1333
9,13,e,0,-,440
9,13,e,1,-,447
9,13,e,2,-,519
9,13,e,3,-,1318
9,13,e,4,-,516
9,13,e,5,-,481
9,13,e,6,-,555
9,13,e,7,-,2535
9,13,e,8,-,512
9,13,e,?,1,1059
9,9,b,0,-,446
9,9,b,1,-,396
9,9,b,2,-,624
9,9,b,3,-,430
9,9,b,4,-,1007
9,9,b,5,-,497
9,9,b,6,-,753
9,9,b,7,-,636
9,9,b,8,-,584
9,9,b,?,1,1029